date_id,date_day,year,month,day,day_of_week
20200101,2020-01-01,2020,1,1,Wednesday
20200102,2020-01-02,2020,1,2,Thursday
20200103,2020-01-03,2020,1,3,Friday
20200104,2020-01-04,2020,1,4,Saturday
20200105,2020-01-05,2020,1,5,Sunday
20200106,2020-01-06,2020,1,6,Monday
20200107,2020-01-07,2020,1,7,Tuesday
20200108,2020-01-08,2020,1,8,Wednesday
20200109,2020-01-09,2020,1,9,Thursday
20200110,2020-01-10,2020,1,10,Friday
20200111,2020-01-11,2020,1,11,Saturday
20200112,2020-01-12,2020,1,12,Sunday
20200113,2020-01-13,2020,1,13,Monday
20200114,2020-01-14,2020,1,14,Tuesday
20200115,2020-01-15,2020,1,15,Wednesday
20200116,2020-01-16,2020,1,16,Thursday
20200117,2020-01-17,2020,1,17,Friday
20200118,2020-01-18,2020,1,18,Saturday
20200119,2020-01-19,2020,1,19,Sunday
20200120,2020-01-20,2020,1,20,Monday
20200121,2020-01-21,2020,1,21,Tuesday
20200122,2020-01-22,2020,1,22,Wednesday
20200123,2020-01-23,2020,1,23,Thursday
20200124,2020-01-24,2020,1,24,Friday
20200125,2020-01-25,2020,1,25,Saturday
20200126,2020-01-26,2020,1,26,Sunday
20200127,2020-01-27,2020,1,27,Monday
20200128,2020-01-28,2020,1,28,Tuesday
20200129,2020-01-29,2020,1,29,Wednesday
20200130,2020-01-30,2020,1,30,Thursday
20200131,2020-01-31,2020,1,31,Friday
20200201,2020-02-01,2020,2,1,Saturday
20200202,2020-02-02,2020,2,2,Sunday
20200203,2020-02-03,2020,2,3,Monday
20200204,2020-02-04,2020,2,4,Tuesday
20200205,2020-02-05,2020,2,5,Wednesday
20200206,2020-02-06,2020,2,6,Thursday
20200207,2020-02-07,2020,2,7,Friday
20200208,2020-02-08,2020,2,8,Saturday
20200209,2020-02-09,2020,2,9,Sunday
20200210,2020-02-10,2020,2,10,Monday
20200211,2020-02-11,2020,2,11,Tuesday
20200212,2020-02-12,2020,2,12,Wednesday
20200213,2020-02-13,2020,2,13,Thursday
20200214,2020-02-14,2020,2,14,Friday
20200215,2020-02-15,2020,2,15,Saturday
20200216,2020-02-16,2020,2,16,Sunday
20200217,2020-02-17,2020,2,17,Monday
20200218,2020-02-18,2020,2,18,Tuesday
20200219,2020-02-19,2020,2,19,Wednesday
20200220,2020-02-20,2020,2,20,Thursday
20200221,2020-02-21,2020,2,21,Friday
20200222,2020-02-22,2020,2,22,Saturday
20200223,2020-02-23,2020,2,23,Sunday
20200224,2020-02-24,2020,2,24,Monday
20200225,2020-02-25,2020,2,25,Tuesday
20200226,2020-02-26,2020,2,26,Wednesday
20200227,2020-02-27,2020,2,27,Thursday
20200228,2020-02-28,2020,2,28,Friday
20200229,2020-02-29,2020,2,29,Saturday
20200301,2020-03-01,2020,3,1,Sunday
20200302,2020-03-02,2020,3,2,Monday
20200303,2020-03-03,2020,3,3,Tuesday
20200304,2020-03-04,2020,3,4,Wednesday
20200305,2020-03-05,2020,3,5,Thursday
20200306,2020-03-06,2020,3,6,Friday
20200307,2020-03-07,2020,3,7,Saturday
20200308,2020-03-08,2020,3,8,Sunday
20200309,2020-03-09,2020,3,9,Monday
20200310,2020-03-10,2020,3,10,Tuesday
20200311,2020-03-11,2020,3,11,Wednesday
20200312,2020-03-12,2020,3,12,Thursday
20200313,2020-03-13,2020,3,13,Friday
20200314,2020-03-14,2020,3,14,Saturday
20200315,2020-03-15,2020,3,15,Sunday
20200316,2020-03-16,2020,3,16,Monday
20200317,2020-03-17,2020,3,17,Tuesday
20200318,2020-03-18,2020,3,18,Wednesday
20200319,2020-03-19,2020,3,19,Thursday
20200320,2020-03-20,2020,3,20,Friday
20200321,2020-03-21,2020,3,21,Saturday
20200322,2020-03-22,2020,3,22,Sunday
20200323,2020-03-23,2020,3,23,Monday
20200324,2020-03-24,2020,3,24,Tuesday
20200325,2020-03-25,2020,3,25,Wednesday
20200326,2020-03-26,2020,3,26,Thursday
20200327,2020-03-27,2020,3,27,Friday
20200328,2020-03-28,2020,3,28,Saturday
20200329,2020-03-29,2020,3,29,Sunday
20200330,2020-03-30,2020,3,30,Monday
20200331,2020-03-31,2020,3,31,Tuesday
20200401,2020-04-01,2020,4,1,Wednesday
20200402,2020-04-02,2020,4,2,Thursday
20200403,2020-04-03,2020,4,3,Friday
20200404,2020-04-04,2020,4,4,Saturday
20200405,2020-04-05,2020,4,5,Sunday
20200406,2020-04-06,2020,4,6,Monday
20200407,2020-04-07,2020,4,7,Tuesday
20200408,2020-04-08,2020,4,8,Wednesday
20200409,2020-04-09,2020,4,9,Thursday
20200410,2020-04-10,2020,4,10,Friday
20200411,2020-04-11,2020,4,11,Saturday
20200412,2020-04-12,2020,4,12,Sunday
20200413,2020-04-13,2020,4,13,Monday
20200414,2020-04-14,2020,4,14,Tuesday
20200415,2020-04-15,2020,4,15,Wednesday
20200416,2020-04-16,2020,4,16,Thursday
20200417,2020-04-17,2020,4,17,Friday
20200418,2020-04-18,2020,4,18,Saturday
20200419,2020-04-19,2020,4,19,Sunday
20200420,2020-04-20,2020,4,20,Monday
20200421,2020-04-21,2020,4,21,Tuesday
20200422,2020-04-22,2020,4,22,Wednesday
20200423,2020-04-23,2020,4,23,Thursday
20200424,2020-04-24,2020,4,24,Friday
20200425,2020-04-25,2020,4,25,Saturday
20200426,2020-04-26,2020,4,26,Sunday
20200427,2020-04-27,2020,4,27,Monday
20200428,2020-04-28,2020,4,28,Tuesday
20200429,2020-04-29,2020,4,29,Wednesday
20200430,2020-04-30,2020,4,30,Thursday
20200501,2020-05-01,2020,5,1,Friday
20200502,2020-05-02,2020,5,2,Saturday
20200503,2020-05-03,2020,5,3,Sunday
20200504,2020-05-04,2020,5,4,Monday
20200505,2020-05-05,2020,5,5,Tuesday
20200506,2020-05-06,2020,5,6,Wednesday
20200507,2020-05-07,2020,5,7,Thursday
20200508,2020-05-08,2020,5,8,Friday
20200509,2020-05-09,2020,5,9,Saturday
20200510,2020-05-10,2020,5,10,Sunday
20200511,2020-05-11,2020,5,11,Monday
20200512,2020-05-12,2020,5,12,Tuesday
20200513,2020-05-13,2020,5,13,Wednesday
20200514,2020-05-14,2020,5,14,Thursday
20200515,2020-05-15,2020,5,15,Friday
20200516,2020-05-16,2020,5,16,Saturday
20200517,2020-05-17,2020,5,17,Sunday
20200518,2020-05-18,2020,5,18,Monday
20200519,2020-05-19,2020,5,19,Tuesday
20200520,2020-05-20,2020,5,20,Wednesday
20200521,2020-05-21,2020,5,21,Thursday
20200522,2020-05-22,2020,5,22,Friday
20200523,2020-05-23,2020,5,23,Saturday
20200524,2020-05-24,2020,5,24,Sunday
20200525,2020-05-25,2020,5,25,Monday
20200526,2020-05-26,2020,5,26,Tuesday
20200527,2020-05-27,2020,5,27,Wednesday
20200528,2020-05-28,2020,5,28,Thursday
20200529,2020-05-29,2020,5,29,Friday
20200530,2020-05-30,2020,5,30,Saturday
20200531,2020-05-31,2020,5,31,Sunday
20200601,2020-06-01,2020,6,1,Monday
20200602,2020-06-02,2020,6,2,Tuesday
20200603,2020-06-03,2020,6,3,Wednesday
20200604,2020-06-04,2020,6,4,Thursday
20200605,2020-06-05,2020,6,5,Friday
20200606,2020-06-06,2020,6,6,Saturday
20200607,2020-06-07,2020,6,7,Sunday
20200608,2020-06-08,2020,6,8,Monday
20200609,2020-06-09,2020,6,9,Tuesday
20200610,2020-06-10,2020,6,10,Wednesday
20200611,2020-06-11,2020,6,11,Thursday
20200612,2020-06-12,2020,6,12,Friday
20200613,2020-06-13,2020,6,13,Saturday
20200614,2020-06-14,2020,6,14,Sunday
20200615,2020-06-15,2020,6,15,Monday
20200616,2020-06-16,2020,6,16,Tuesday
20200617,2020-06-17,2020,6,17,Wednesday
20200618,2020-06-18,2020,6,18,Thursday
20200619,2020-06-19,2020,6,19,Friday
20200620,2020-06-20,2020,6,20,Saturday
20200621,2020-06-21,2020,6,21,Sunday
20200622,2020-06-22,2020,6,22,Monday
20200623,2020-06-23,2020,6,23,Tuesday
20200624,2020-06-24,2020,6,24,Wednesday
20200625,2020-06-25,2020,6,25,Thursday
20200626,2020-06-26,2020,6,26,Friday
20200627,2020-06-27,2020,6,27,Saturday
20200628,2020-06-28,2020,6,28,Sunday
20200629,2020-06-29,2020,6,29,Monday
20200630,2020-06-30,2020,6,30,Tuesday
20200701,2020-07-01,2020,7,1,Wednesday
20200702,2020-07-02,2020,7,2,Thursday
20200703,2020-07-03,2020,7,3,Friday
20200704,2020-07-04,2020,7,4,Saturday
20200705,2020-07-05,2020,7,5,Sunday
20200706,2020-07-06,2020,7,6,Monday
20200707,2020-07-07,2020,7,7,Tuesday
20200708,2020-07-08,2020,7,8,Wednesday
20200709,2020-07-09,2020,7,9,Thursday
20200710,2020-07-10,2020,7,10,Friday
20200711,2020-07-11,2020,7,11,Saturday
20200712,2020-07-12,2020,7,12,Sunday
20200713,2020-07-13,2020,7,13,Monday
20200714,2020-07-14,2020,7,14,Tuesday
20200715,2020-07-15,2020,7,15,Wednesday
20200716,2020-07-16,2020,7,16,Thursday
20200717,2020-07-17,2020,7,17,Friday
20200718,2020-07-18,2020,7,18,Saturday
20200719,2020-07-19,2020,7,19,Sunday
20200720,2020-07-20,2020,7,20,Monday
20200721,2020-07-21,2020,7,21,Tuesday
20200722,2020-07-22,2020,7,22,Wednesday
20200723,2020-07-23,2020,7,23,Thursday
20200724,2020-07-24,2020,7,24,Friday
20200725,2020-07-25,2020,7,25,Saturday
20200726,2020-07-26,2020,7,26,Sunday
20200727,2020-07-27,2020,7,27,Monday
20200728,2020-07-28,2020,7,28,Tuesday
20200729,2020-07-29,2020,7,29,Wednesday
20200730,2020-07-30,2020,7,30,Thursday
20200731,2020-07-31,2020,7,31,Friday
20200801,2020-08-01,2020,8,1,Saturday
20200802,2020-08-02,2020,8,2,Sunday
20200803,2020-08-03,2020,8,3,Monday
20200804,2020-08-04,2020,8,4,Tuesday
20200805,2020-08-05,2020,8,5,Wednesday
20200806,2020-08-06,2020,8,6,Thursday
20200807,2020-08-07,2020,8,7,Friday
20200808,2020-08-08,2020,8,8,Saturday
20200809,2020-08-09,2020,8,9,Sunday
20200810,2020-08-10,2020,8,10,Monday
20200811,2020-08-11,2020,8,11,Tuesday
20200812,2020-08-12,2020,8,12,Wednesday
20200813,2020-08-13,2020,8,13,Thursday
20200814,2020-08-14,2020,8,14,Friday
20200815,2020-08-15,2020,8,15,Saturday
20200816,2020-08-16,2020,8,16,Sunday
20200817,2020-08-17,2020,8,17,Monday
20200818,2020-08-18,2020,8,18,Tuesday
20200819,2020-08-19,2020,8,19,Wednesday
20200820,2020-08-20,2020,8,20,Thursday
20200821,2020-08-21,2020,8,21,Friday
20200822,2020-08-22,2020,8,22,Saturday
20200823,2020-08-23,2020,8,23,Sunday
20200824,2020-08-24,2020,8,24,Monday
20200825,2020-08-25,2020,8,25,Tuesday
20200826,2020-08-26,2020,8,26,Wednesday
20200827,2020-08-27,2020,8,27,Thursday
20200828,2020-08-28,2020,8,28,Friday
20200829,2020-08-29,2020,8,29,Saturday
20200830,2020-08-30,2020,8,30,Sunday
20200831,2020-08-31,2020,8,31,Monday
20200901,2020-09-01,2020,9,1,Tuesday
20200902,2020-09-02,2020,9,2,Wednesday
20200903,2020-09-03,2020,9,3,Thursday
20200904,2020-09-04,2020,9,4,Friday
20200905,2020-09-05,2020,9,5,Saturday
20200906,2020-09-06,2020,9,6,Sunday
20200907,2020-09-07,2020,9,7,Monday
20200908,2020-09-08,2020,9,8,Tuesday
20200909,2020-09-09,2020,9,9,Wednesday
20200910,2020-09-10,2020,9,10,Thursday
20200911,2020-09-11,2020,9,11,Friday
20200912,2020-09-12,2020,9,12,Saturday
20200913,2020-09-13,2020,9,13,Sunday
20200914,2020-09-14,2020,9,14,Monday
20200915,2020-09-15,2020,9,15,Tuesday
20200916,2020-09-16,2020,9,16,Wednesday
20200917,2020-09-17,2020,9,17,Thursday
20200918,2020-09-18,2020,9,18,Friday
20200919,2020-09-19,2020,9,19,Saturday
20200920,2020-09-20,2020,9,20,Sunday
20200921,2020-09-21,2020,9,21,Monday
20200922,2020-09-22,2020,9,22,Tuesday
20200923,2020-09-23,2020,9,23,Wednesday
20200924,2020-09-24,2020,9,24,Thursday
20200925,2020-09-25,2020,9,25,Friday
20200926,2020-09-26,2020,9,26,Saturday
20200927,2020-09-27,2020,9,27,Sunday
20200928,2020-09-28,2020,9,28,Monday
20200929,2020-09-29,2020,9,29,Tuesday
20200930,2020-09-30,2020,9,30,Wednesday
20201001,2020-10-01,2020,10,1,Thursday
20201002,2020-10-02,2020,10,2,Friday
20201003,2020-10-03,2020,10,3,Saturday
20201004,2020-10-04,2020,10,4,Sunday
20201005,2020-10-05,2020,10,5,Monday
20201006,2020-10-06,2020,10,6,Tuesday
20201007,2020-10-07,2020,10,7,Wednesday
20201008,2020-10-08,2020,10,8,Thursday
20201009,2020-10-09,2020,10,9,Friday
20201010,2020-10-10,2020,10,10,Saturday
20201011,2020-10-11,2020,10,11,Sunday
20201012,2020-10-12,2020,10,12,Monday
20201013,2020-10-13,2020,10,13,Tuesday
20201014,2020-10-14,2020,10,14,Wednesday
20201015,2020-10-15,2020,10,15,Thursday
20201016,2020-10-16,2020,10,16,Friday
20201017,2020-10-17,2020,10,17,Saturday
20201018,2020-10-18,2020,10,18,Sunday
20201019,2020-10-19,2020,10,19,Monday
20201020,2020-10-20,2020,10,20,Tuesday
20201021,2020-10-21,2020,10,21,Wednesday
20201022,2020-10-22,2020,10,22,Thursday
20201023,2020-10-23,2020,10,23,Friday
20201024,2020-10-24,2020,10,24,Saturday
20201025,2020-10-25,2020,10,25,Sunday
20201026,2020-10-26,2020,10,26,Monday
20201027,2020-10-27,2020,10,27,Tuesday
20201028,2020-10-28,2020,10,28,Wednesday
20201029,2020-10-29,2020,10,29,Thursday
20201030,2020-10-30,2020,10,30,Friday
20201031,2020-10-31,2020,10,31,Saturday
20201101,2020-11-01,2020,11,1,Sunday
20201102,2020-11-02,2020,11,2,Monday
20201103,2020-11-03,2020,11,3,Tuesday
20201104,2020-11-04,2020,11,4,Wednesday
20201105,2020-11-05,2020,11,5,Thursday
20201106,2020-11-06,2020,11,6,Friday
20201107,2020-11-07,2020,11,7,Saturday
20201108,2020-11-08,2020,11,8,Sunday
20201109,2020-11-09,2020,11,9,Monday
20201110,2020-11-10,2020,11,10,Tuesday
20201111,2020-11-11,2020,11,11,Wednesday
20201112,2020-11-12,2020,11,12,Thursday
20201113,2020-11-13,2020,11,13,Friday
20201114,2020-11-14,2020,11,14,Saturday
20201115,2020-11-15,2020,11,15,Sunday
20201116,2020-11-16,2020,11,16,Monday
20201117,2020-11-17,2020,11,17,Tuesday
20201118,2020-11-18,2020,11,18,Wednesday
20201119,2020-11-19,2020,11,19,Thursday
20201120,2020-11-20,2020,11,20,Friday
20201121,2020-11-21,2020,11,21,Saturday
20201122,2020-11-22,2020,11,22,Sunday
20201123,2020-11-23,2020,11,23,Monday
20201124,2020-11-24,2020,11,24,Tuesday
20201125,2020-11-25,2020,11,25,Wednesday
20201126,2020-11-26,2020,11,26,Thursday
20201127,2020-11-27,2020,11,27,Friday
20201128,2020-11-28,2020,11,28,Saturday
20201129,2020-11-29,2020,11,29,Sunday
20201130,2020-11-30,2020,11,30,Monday
20201201,2020-12-01,2020,12,1,Tuesday
20201202,2020-12-02,2020,12,2,Wednesday
20201203,2020-12-03,2020,12,3,Thursday
20201204,2020-12-04,2020,12,4,Friday
20201205,2020-12-05,2020,12,5,Saturday
20201206,2020-12-06,2020,12,6,Sunday
20201207,2020-12-07,2020,12,7,Monday
20201208,2020-12-08,2020,12,8,Tuesday
20201209,2020-12-09,2020,12,9,Wednesday
20201210,2020-12-10,2020,12,10,Thursday
20201211,2020-12-11,2020,12,11,Friday
20201212,2020-12-12,2020,12,12,Saturday
20201213,2020-12-13,2020,12,13,Sunday
20201214,2020-12-14,2020,12,14,Monday
20201215,2020-12-15,2020,12,15,Tuesday
20201216,2020-12-16,2020,12,16,Wednesday
20201217,2020-12-17,2020,12,17,Thursday
20201218,2020-12-18,2020,12,18,Friday
20201219,2020-12-19,2020,12,19,Saturday
20201220,2020-12-20,2020,12,20,Sunday
20201221,2020-12-21,2020,12,21,Monday
20201222,2020-12-22,2020,12,22,Tuesday
20201223,2020-12-23,2020,12,23,Wednesday
20201224,2020-12-24,2020,12,24,Thursday
20201225,2020-12-25,2020,12,25,Friday
20201226,2020-12-26,2020,12,26,Saturday
20201227,2020-12-27,2020,12,27,Sunday
20201228,2020-12-28,2020,12,28,Monday
20201229,2020-12-29,2020,12,29,Tuesday
20201230,2020-12-30,2020,12,30,Wednesday
20201231,2020-12-31,2020,12,31,Thursday
20210101,2021-01-01,2021,1,1,Friday
20210102,2021-01-02,2021,1,2,Saturday
20210103,2021-01-03,2021,1,3,Sunday
20210104,2021-01-04,2021,1,4,Monday
20210105,2021-01-05,2021,1,5,Tuesday
20210106,2021-01-06,2021,1,6,Wednesday
20210107,2021-01-07,2021,1,7,Thursday
20210108,2021-01-08,2021,1,8,Friday
20210109,2021-01-09,2021,1,9,Saturday
20210110,2021-01-10,2021,1,10,Sunday
20210111,2021-01-11,2021,1,11,Monday
20210112,2021-01-12,2021,1,12,Tuesday
20210113,2021-01-13,2021,1,13,Wednesday
20210114,2021-01-14,2021,1,14,Thursday
20210115,2021-01-15,2021,1,15,Friday
20210116,2021-01-16,2021,1,16,Saturday
20210117,2021-01-17,2021,1,17,Sunday
20210118,2021-01-18,2021,1,18,Monday
20210119,2021-01-19,2021,1,19,Tuesday
20210120,2021-01-20,2021,1,20,Wednesday
20210121,2021-01-21,2021,1,21,Thursday
20210122,2021-01-22,2021,1,22,Friday
20210123,2021-01-23,2021,1,23,Saturday
20210124,2021-01-24,2021,1,24,Sunday
20210125,2021-01-25,2021,1,25,Monday
20210126,2021-01-26,2021,1,26,Tuesday
20210127,2021-01-27,2021,1,27,Wednesday
20210128,2021-01-28,2021,1,28,Thursday
20210129,2021-01-29,2021,1,29,Friday
20210130,2021-01-30,2021,1,30,Saturday
20210131,2021-01-31,2021,1,31,Sunday
20210201,2021-02-01,2021,2,1,Monday
20210202,2021-02-02,2021,2,2,Tuesday
20210203,2021-02-03,2021,2,3,Wednesday
20210204,2021-02-04,2021,2,4,Thursday
20210205,2021-02-05,2021,2,5,Friday
20210206,2021-02-06,2021,2,6,Saturday
20210207,2021-02-07,2021,2,7,Sunday
20210208,2021-02-08,2021,2,8,Monday
20210209,2021-02-09,2021,2,9,Tuesday
20210210,2021-02-10,2021,2,10,Wednesday
20210211,2021-02-11,2021,2,11,Thursday
20210212,2021-02-12,2021,2,12,Friday
20210213,2021-02-13,2021,2,13,Saturday
20210214,2021-02-14,2021,2,14,Sunday
20210215,2021-02-15,2021,2,15,Monday
20210216,2021-02-16,2021,2,16,Tuesday
20210217,2021-02-17,2021,2,17,Wednesday
20210218,2021-02-18,2021,2,18,Thursday
20210219,2021-02-19,2021,2,19,Friday
20210220,2021-02-20,2021,2,20,Saturday
20210221,2021-02-21,2021,2,21,Sunday
20210222,2021-02-22,2021,2,22,Monday
20210223,2021-02-23,2021,2,23,Tuesday
20210224,2021-02-24,2021,2,24,Wednesday
20210225,2021-02-25,2021,2,25,Thursday
20210226,2021-02-26,2021,2,26,Friday
20210227,2021-02-27,2021,2,27,Saturday
20210228,2021-02-28,2021,2,28,Sunday
20210301,2021-03-01,2021,3,1,Monday
20210302,2021-03-02,2021,3,2,Tuesday
20210303,2021-03-03,2021,3,3,Wednesday
20210304,2021-03-04,2021,3,4,Thursday
20210305,2021-03-05,2021,3,5,Friday
20210306,2021-03-06,2021,3,6,Saturday
20210307,2021-03-07,2021,3,7,Sunday
20210308,2021-03-08,2021,3,8,Monday
20210309,2021-03-09,2021,3,9,Tuesday
20210310,2021-03-10,2021,3,10,Wednesday
20210311,2021-03-11,2021,3,11,Thursday
20210312,2021-03-12,2021,3,12,Friday
20210313,2021-03-13,2021,3,13,Saturday
20210314,2021-03-14,2021,3,14,Sunday
20210315,2021-03-15,2021,3,15,Monday
20210316,2021-03-16,2021,3,16,Tuesday
20210317,2021-03-17,2021,3,17,Wednesday
20210318,2021-03-18,2021,3,18,Thursday
20210319,2021-03-19,2021,3,19,Friday
20210320,2021-03-20,2021,3,20,Saturday
20210321,2021-03-21,2021,3,21,Sunday
20210322,2021-03-22,2021,3,22,Monday
20210323,2021-03-23,2021,3,23,Tuesday
20210324,2021-03-24,2021,3,24,Wednesday
20210325,2021-03-25,2021,3,25,Thursday
20210326,2021-03-26,2021,3,26,Friday
20210327,2021-03-27,2021,3,27,Saturday
20210328,2021-03-28,2021,3,28,Sunday
20210329,2021-03-29,2021,3,29,Monday
20210330,2021-03-30,2021,3,30,Tuesday
20210331,2021-03-31,2021,3,31,Wednesday
20210401,2021-04-01,2021,4,1,Thursday
20210402,2021-04-02,2021,4,2,Friday
20210403,2021-04-03,2021,4,3,Saturday
20210404,2021-04-04,2021,4,4,Sunday
20210405,2021-04-05,2021,4,5,Monday
20210406,2021-04-06,2021,4,6,Tuesday
20210407,2021-04-07,2021,4,7,Wednesday
20210408,2021-04-08,2021,4,8,Thursday
20210409,2021-04-09,2021,4,9,Friday
20210410,2021-04-10,2021,4,10,Saturday
20210411,2021-04-11,2021,4,11,Sunday
20210412,2021-04-12,2021,4,12,Monday
20210413,2021-04-13,2021,4,13,Tuesday
20210414,2021-04-14,2021,4,14,Wednesday
20210415,2021-04-15,2021,4,15,Thursday
20210416,2021-04-16,2021,4,16,Friday
20210417,2021-04-17,2021,4,17,Saturday
20210418,2021-04-18,2021,4,18,Sunday
20210419,2021-04-19,2021,4,19,Monday
20210420,2021-04-20,2021,4,20,Tuesday
20210421,2021-04-21,2021,4,21,Wednesday
20210422,2021-04-22,2021,4,22,Thursday
20210423,2021-04-23,2021,4,23,Friday
20210424,2021-04-24,2021,4,24,Saturday
20210425,2021-04-25,2021,4,25,Sunday
20210426,2021-04-26,2021,4,26,Monday
20210427,2021-04-27,2021,4,27,Tuesday
20210428,2021-04-28,2021,4,28,Wednesday
20210429,2021-04-29,2021,4,29,Thursday
20210430,2021-04-30,2021,4,30,Friday
20210501,2021-05-01,2021,5,1,Saturday
20210502,2021-05-02,2021,5,2,Sunday
20210503,2021-05-03,2021,5,3,Monday
20210504,2021-05-04,2021,5,4,Tuesday
20210505,2021-05-05,2021,5,5,Wednesday
20210506,2021-05-06,2021,5,6,Thursday
20210507,2021-05-07,2021,5,7,Friday
20210508,2021-05-08,2021,5,8,Saturday
20210509,2021-05-09,2021,5,9,Sunday
20210510,2021-05-10,2021,5,10,Monday
20210511,2021-05-11,2021,5,11,Tuesday
20210512,2021-05-12,2021,5,12,Wednesday
20210513,2021-05-13,2021,5,13,Thursday
20210514,2021-05-14,2021,5,14,Friday
20210515,2021-05-15,2021,5,15,Saturday
20210516,2021-05-16,2021,5,16,Sunday
20210517,2021-05-17,2021,5,17,Monday
20210518,2021-05-18,2021,5,18,Tuesday
20210519,2021-05-19,2021,5,19,Wednesday
20210520,2021-05-20,2021,5,20,Thursday
20210521,2021-05-21,2021,5,21,Friday
20210522,2021-05-22,2021,5,22,Saturday
20210523,2021-05-23,2021,5,23,Sunday
20210524,2021-05-24,2021,5,24,Monday
20210525,2021-05-25,2021,5,25,Tuesday
20210526,2021-05-26,2021,5,26,Wednesday
20210527,2021-05-27,2021,5,27,Thursday
20210528,2021-05-28,2021,5,28,Friday
20210529,2021-05-29,2021,5,29,Saturday
20210530,2021-05-30,2021,5,30,Sunday
20210531,2021-05-31,2021,5,31,Monday
20210601,2021-06-01,2021,6,1,Tuesday
20210602,2021-06-02,2021,6,2,Wednesday
20210603,2021-06-03,2021,6,3,Thursday
20210604,2021-06-04,2021,6,4,Friday
20210605,2021-06-05,2021,6,5,Saturday
20210606,2021-06-06,2021,6,6,Sunday
20210607,2021-06-07,2021,6,7,Monday
20210608,2021-06-08,2021,6,8,Tuesday
20210609,2021-06-09,2021,6,9,Wednesday
20210610,2021-06-10,2021,6,10,Thursday
20210611,2021-06-11,2021,6,11,Friday
20210612,2021-06-12,2021,6,12,Saturday
20210613,2021-06-13,2021,6,13,Sunday
20210614,2021-06-14,2021,6,14,Monday
20210615,2021-06-15,2021,6,15,Tuesday
20210616,2021-06-16,2021,6,16,Wednesday
20210617,2021-06-17,2021,6,17,Thursday
20210618,2021-06-18,2021,6,18,Friday
20210619,2021-06-19,2021,6,19,Saturday
20210620,2021-06-20,2021,6,20,Sunday
20210621,2021-06-21,2021,6,21,Monday
20210622,2021-06-22,2021,6,22,Tuesday
20210623,2021-06-23,2021,6,23,Wednesday
20210624,2021-06-24,2021,6,24,Thursday
20210625,2021-06-25,2021,6,25,Friday
20210626,2021-06-26,2021,6,26,Saturday
20210627,2021-06-27,2021,6,27,Sunday
20210628,2021-06-28,2021,6,28,Monday
20210629,2021-06-29,2021,6,29,Tuesday
20210630,2021-06-30,2021,6,30,Wednesday
20210701,2021-07-01,2021,7,1,Thursday
20210702,2021-07-02,2021,7,2,Friday
20210703,2021-07-03,2021,7,3,Saturday
20210704,2021-07-04,2021,7,4,Sunday
20210705,2021-07-05,2021,7,5,Monday
20210706,2021-07-06,2021,7,6,Tuesday
20210707,2021-07-07,2021,7,7,Wednesday
20210708,2021-07-08,2021,7,8,Thursday
20210709,2021-07-09,2021,7,9,Friday
20210710,2021-07-10,2021,7,10,Saturday
20210711,2021-07-11,2021,7,11,Sunday
20210712,2021-07-12,2021,7,12,Monday
20210713,2021-07-13,2021,7,13,Tuesday
20210714,2021-07-14,2021,7,14,Wednesday
20210715,2021-07-15,2021,7,15,Thursday
20210716,2021-07-16,2021,7,16,Friday
20210717,2021-07-17,2021,7,17,Saturday
20210718,2021-07-18,2021,7,18,Sunday
20210719,2021-07-19,2021,7,19,Monday
20210720,2021-07-20,2021,7,20,Tuesday
20210721,2021-07-21,2021,7,21,Wednesday
20210722,2021-07-22,2021,7,22,Thursday
20210723,2021-07-23,2021,7,23,Friday
20210724,2021-07-24,2021,7,24,Saturday
20210725,2021-07-25,2021,7,25,Sunday
20210726,2021-07-26,2021,7,26,Monday
20210727,2021-07-27,2021,7,27,Tuesday
20210728,2021-07-28,2021,7,28,Wednesday
20210729,2021-07-29,2021,7,29,Thursday
20210730,2021-07-30,2021,7,30,Friday
20210731,2021-07-31,2021,7,31,Saturday
20210801,2021-08-01,2021,8,1,Sunday
20210802,2021-08-02,2021,8,2,Monday
20210803,2021-08-03,2021,8,3,Tuesday
20210804,2021-08-04,2021,8,4,Wednesday
20210805,2021-08-05,2021,8,5,Thursday
20210806,2021-08-06,2021,8,6,Friday
20210807,2021-08-07,2021,8,7,Saturday
20210808,2021-08-08,2021,8,8,Sunday
20210809,2021-08-09,2021,8,9,Monday
20210810,2021-08-10,2021,8,10,Tuesday
20210811,2021-08-11,2021,8,11,Wednesday
20210812,2021-08-12,2021,8,12,Thursday
20210813,2021-08-13,2021,8,13,Friday
20210814,2021-08-14,2021,8,14,Saturday
20210815,2021-08-15,2021,8,15,Sunday
20210816,2021-08-16,2021,8,16,Monday
20210817,2021-08-17,2021,8,17,Tuesday
20210818,2021-08-18,2021,8,18,Wednesday
20210819,2021-08-19,2021,8,19,Thursday
20210820,2021-08-20,2021,8,20,Friday
20210821,2021-08-21,2021,8,21,Saturday
20210822,2021-08-22,2021,8,22,Sunday
20210823,2021-08-23,2021,8,23,Monday
20210824,2021-08-24,2021,8,24,Tuesday
20210825,2021-08-25,2021,8,25,Wednesday
20210826,2021-08-26,2021,8,26,Thursday
20210827,2021-08-27,2021,8,27,Friday
20210828,2021-08-28,2021,8,28,Saturday
20210829,2021-08-29,2021,8,29,Sunday
20210830,2021-08-30,2021,8,30,Monday
20210831,2021-08-31,2021,8,31,Tuesday
20210901,2021-09-01,2021,9,1,Wednesday
20210902,2021-09-02,2021,9,2,Thursday
20210903,2021-09-03,2021,9,3,Friday
20210904,2021-09-04,2021,9,4,Saturday
20210905,2021-09-05,2021,9,5,Sunday
20210906,2021-09-06,2021,9,6,Monday
20210907,2021-09-07,2021,9,7,Tuesday
20210908,2021-09-08,2021,9,8,Wednesday
20210909,2021-09-09,2021,9,9,Thursday
20210910,2021-09-10,2021,9,10,Friday
20210911,2021-09-11,2021,9,11,Saturday
20210912,2021-09-12,2021,9,12,Sunday
20210913,2021-09-13,2021,9,13,Monday
20210914,2021-09-14,2021,9,14,Tuesday
20210915,2021-09-15,2021,9,15,Wednesday
20210916,2021-09-16,2021,9,16,Thursday
20210917,2021-09-17,2021,9,17,Friday
20210918,2021-09-18,2021,9,18,Saturday
20210919,2021-09-19,2021,9,19,Sunday
20210920,2021-09-20,2021,9,20,Monday
20210921,2021-09-21,2021,9,21,Tuesday
20210922,2021-09-22,2021,9,22,Wednesday
20210923,2021-09-23,2021,9,23,Thursday
20210924,2021-09-24,2021,9,24,Friday
20210925,2021-09-25,2021,9,25,Saturday
20210926,2021-09-26,2021,9,26,Sunday
20210927,2021-09-27,2021,9,27,Monday
20210928,2021-09-28,2021,9,28,Tuesday
20210929,2021-09-29,2021,9,29,Wednesday
20210930,2021-09-30,2021,9,30,Thursday
20211001,2021-10-01,2021,10,1,Friday
20211002,2021-10-02,2021,10,2,Saturday
20211003,2021-10-03,2021,10,3,Sunday
20211004,2021-10-04,2021,10,4,Monday
20211005,2021-10-05,2021,10,5,Tuesday
20211006,2021-10-06,2021,10,6,Wednesday
20211007,2021-10-07,2021,10,7,Thursday
20211008,2021-10-08,2021,10,8,Friday
20211009,2021-10-09,2021,10,9,Saturday
20211010,2021-10-10,2021,10,10,Sunday
20211011,2021-10-11,2021,10,11,Monday
20211012,2021-10-12,2021,10,12,Tuesday
20211013,2021-10-13,2021,10,13,Wednesday
20211014,2021-10-14,2021,10,14,Thursday
20211015,2021-10-15,2021,10,15,Friday
20211016,2021-10-16,2021,10,16,Saturday
20211017,2021-10-17,2021,10,17,Sunday
20211018,2021-10-18,2021,10,18,Monday
20211019,2021-10-19,2021,10,19,Tuesday
20211020,2021-10-20,2021,10,20,Wednesday
20211021,2021-10-21,2021,10,21,Thursday
20211022,2021-10-22,2021,10,22,Friday
20211023,2021-10-23,2021,10,23,Saturday
20211024,2021-10-24,2021,10,24,Sunday
20211025,2021-10-25,2021,10,25,Monday
20211026,2021-10-26,2021,10,26,Tuesday
20211027,2021-10-27,2021,10,27,Wednesday
20211028,2021-10-28,2021,10,28,Thursday
20211029,2021-10-29,2021,10,29,Friday
20211030,2021-10-30,2021,10,30,Saturday
20211031,2021-10-31,2021,10,31,Sunday
20211101,2021-11-01,2021,11,1,Monday
20211102,2021-11-02,2021,11,2,Tuesday
20211103,2021-11-03,2021,11,3,Wednesday
20211104,2021-11-04,2021,11,4,Thursday
20211105,2021-11-05,2021,11,5,Friday
20211106,2021-11-06,2021,11,6,Saturday
20211107,2021-11-07,2021,11,7,Sunday
20211108,2021-11-08,2021,11,8,Monday
20211109,2021-11-09,2021,11,9,Tuesday
20211110,2021-11-10,2021,11,10,Wednesday
20211111,2021-11-11,2021,11,11,Thursday
20211112,2021-11-12,2021,11,12,Friday
20211113,2021-11-13,2021,11,13,Saturday
20211114,2021-11-14,2021,11,14,Sunday
20211115,2021-11-15,2021,11,15,Monday
20211116,2021-11-16,2021,11,16,Tuesday
20211117,2021-11-17,2021,11,17,Wednesday
20211118,2021-11-18,2021,11,18,Thursday
20211119,2021-11-19,2021,11,19,Friday
20211120,2021-11-20,2021,11,20,Saturday
20211121,2021-11-21,2021,11,21,Sunday
20211122,2021-11-22,2021,11,22,Monday
20211123,2021-11-23,2021,11,23,Tuesday
20211124,2021-11-24,2021,11,24,Wednesday
20211125,2021-11-25,2021,11,25,Thursday
20211126,2021-11-26,2021,11,26,Friday
20211127,2021-11-27,2021,11,27,Saturday
20211128,2021-11-28,2021,11,28,Sunday
20211129,2021-11-29,2021,11,29,Monday
20211130,2021-11-30,2021,11,30,Tuesday
20211201,2021-12-01,2021,12,1,Wednesday
20211202,2021-12-02,2021,12,2,Thursday
20211203,2021-12-03,2021,12,3,Friday
20211204,2021-12-04,2021,12,4,Saturday
20211205,2021-12-05,2021,12,5,Sunday
20211206,2021-12-06,2021,12,6,Monday
20211207,2021-12-07,2021,12,7,Tuesday
20211208,2021-12-08,2021,12,8,Wednesday
20211209,2021-12-09,2021,12,9,Thursday
20211210,2021-12-10,2021,12,10,Friday
20211211,2021-12-11,2021,12,11,Saturday
20211212,2021-12-12,2021,12,12,Sunday
20211213,2021-12-13,2021,12,13,Monday
20211214,2021-12-14,2021,12,14,Tuesday
20211215,2021-12-15,2021,12,15,Wednesday
20211216,2021-12-16,2021,12,16,Thursday
20211217,2021-12-17,2021,12,17,Friday
20211218,2021-12-18,2021,12,18,Saturday
20211219,2021-12-19,2021,12,19,Sunday
20211220,2021-12-20,2021,12,20,Monday
20211221,2021-12-21,2021,12,21,Tuesday
20211222,2021-12-22,2021,12,22,Wednesday
20211223,2021-12-23,2021,12,23,Thursday
20211224,2021-12-24,2021,12,24,Friday
20211225,2021-12-25,2021,12,25,Saturday
20211226,2021-12-26,2021,12,26,Sunday
20211227,2021-12-27,2021,12,27,Monday
20211228,2021-12-28,2021,12,28,Tuesday
20211229,2021-12-29,2021,12,29,Wednesday
20211230,2021-12-30,2021,12,30,Thursday
20211231,2021-12-31,2021,12,31,Friday
20220101,2022-01-01,2022,1,1,Saturday
20220102,2022-01-02,2022,1,2,Sunday
20220103,2022-01-03,2022,1,3,Monday
20220104,2022-01-04,2022,1,4,Tuesday
20220105,2022-01-05,2022,1,5,Wednesday
20220106,2022-01-06,2022,1,6,Thursday
20220107,2022-01-07,2022,1,7,Friday
20220108,2022-01-08,2022,1,8,Saturday
20220109,2022-01-09,2022,1,9,Sunday
20220110,2022-01-10,2022,1,10,Monday
20220111,2022-01-11,2022,1,11,Tuesday
20220112,2022-01-12,2022,1,12,Wednesday
20220113,2022-01-13,2022,1,13,Thursday
20220114,2022-01-14,2022,1,14,Friday
20220115,2022-01-15,2022,1,15,Saturday
20220116,2022-01-16,2022,1,16,Sunday
20220117,2022-01-17,2022,1,17,Monday
20220118,2022-01-18,2022,1,18,Tuesday
20220119,2022-01-19,2022,1,19,Wednesday
20220120,2022-01-20,2022,1,20,Thursday
20220121,2022-01-21,2022,1,21,Friday
20220122,2022-01-22,2022,1,22,Saturday
20220123,2022-01-23,2022,1,23,Sunday
20220124,2022-01-24,2022,1,24,Monday
20220125,2022-01-25,2022,1,25,Tuesday
20220126,2022-01-26,2022,1,26,Wednesday
20220127,2022-01-27,2022,1,27,Thursday
20220128,2022-01-28,2022,1,28,Friday
20220129,2022-01-29,2022,1,29,Saturday
20220130,2022-01-30,2022,1,30,Sunday
20220131,2022-01-31,2022,1,31,Monday
20220201,2022-02-01,2022,2,1,Tuesday
20220202,2022-02-02,2022,2,2,Wednesday
20220203,2022-02-03,2022,2,3,Thursday
20220204,2022-02-04,2022,2,4,Friday
20220205,2022-02-05,2022,2,5,Saturday
20220206,2022-02-06,2022,2,6,Sunday
20220207,2022-02-07,2022,2,7,Monday
20220208,2022-02-08,2022,2,8,Tuesday
20220209,2022-02-09,2022,2,9,Wednesday
20220210,2022-02-10,2022,2,10,Thursday
20220211,2022-02-11,2022,2,11,Friday
20220212,2022-02-12,2022,2,12,Saturday
20220213,2022-02-13,2022,2,13,Sunday
20220214,2022-02-14,2022,2,14,Monday
20220215,2022-02-15,2022,2,15,Tuesday
20220216,2022-02-16,2022,2,16,Wednesday
20220217,2022-02-17,2022,2,17,Thursday
20220218,2022-02-18,2022,2,18,Friday
20220219,2022-02-19,2022,2,19,Saturday
20220220,2022-02-20,2022,2,20,Sunday
20220221,2022-02-21,2022,2,21,Monday
20220222,2022-02-22,2022,2,22,Tuesday
20220223,2022-02-23,2022,2,23,Wednesday
20220224,2022-02-24,2022,2,24,Thursday
20220225,2022-02-25,2022,2,25,Friday
20220226,2022-02-26,2022,2,26,Saturday
20220227,2022-02-27,2022,2,27,Sunday
20220228,2022-02-28,2022,2,28,Monday
20220301,2022-03-01,2022,3,1,Tuesday
20220302,2022-03-02,2022,3,2,Wednesday
20220303,2022-03-03,2022,3,3,Thursday
20220304,2022-03-04,2022,3,4,Friday
20220305,2022-03-05,2022,3,5,Saturday
20220306,2022-03-06,2022,3,6,Sunday
20220307,2022-03-07,2022,3,7,Monday
20220308,2022-03-08,2022,3,8,Tuesday
20220309,2022-03-09,2022,3,9,Wednesday
20220310,2022-03-10,2022,3,10,Thursday
20220311,2022-03-11,2022,3,11,Friday
20220312,2022-03-12,2022,3,12,Saturday
20220313,2022-03-13,2022,3,13,Sunday
20220314,2022-03-14,2022,3,14,Monday
20220315,2022-03-15,2022,3,15,Tuesday
20220316,2022-03-16,2022,3,16,Wednesday
20220317,2022-03-17,2022,3,17,Thursday
20220318,2022-03-18,2022,3,18,Friday
20220319,2022-03-19,2022,3,19,Saturday
20220320,2022-03-20,2022,3,20,Sunday
20220321,2022-03-21,2022,3,21,Monday
20220322,2022-03-22,2022,3,22,Tuesday
20220323,2022-03-23,2022,3,23,Wednesday
20220324,2022-03-24,2022,3,24,Thursday
20220325,2022-03-25,2022,3,25,Friday
20220326,2022-03-26,2022,3,26,Saturday
20220327,2022-03-27,2022,3,27,Sunday
20220328,2022-03-28,2022,3,28,Monday
20220329,2022-03-29,2022,3,29,Tuesday
20220330,2022-03-30,2022,3,30,Wednesday
20220331,2022-03-31,2022,3,31,Thursday
20220401,2022-04-01,2022,4,1,Friday
20220402,2022-04-02,2022,4,2,Saturday
20220403,2022-04-03,2022,4,3,Sunday
20220404,2022-04-04,2022,4,4,Monday
20220405,2022-04-05,2022,4,5,Tuesday
20220406,2022-04-06,2022,4,6,Wednesday
20220407,2022-04-07,2022,4,7,Thursday
20220408,2022-04-08,2022,4,8,Friday
20220409,2022-04-09,2022,4,9,Saturday
20220410,2022-04-10,2022,4,10,Sunday
20220411,2022-04-11,2022,4,11,Monday
20220412,2022-04-12,2022,4,12,Tuesday
20220413,2022-04-13,2022,4,13,Wednesday
20220414,2022-04-14,2022,4,14,Thursday
20220415,2022-04-15,2022,4,15,Friday
20220416,2022-04-16,2022,4,16,Saturday
20220417,2022-04-17,2022,4,17,Sunday
20220418,2022-04-18,2022,4,18,Monday
20220419,2022-04-19,2022,4,19,Tuesday
20220420,2022-04-20,2022,4,20,Wednesday
20220421,2022-04-21,2022,4,21,Thursday
20220422,2022-04-22,2022,4,22,Friday
20220423,2022-04-23,2022,4,23,Saturday
20220424,2022-04-24,2022,4,24,Sunday
20220425,2022-04-25,2022,4,25,Monday
20220426,2022-04-26,2022,4,26,Tuesday
20220427,2022-04-27,2022,4,27,Wednesday
20220428,2022-04-28,2022,4,28,Thursday
20220429,2022-04-29,2022,4,29,Friday
20220430,2022-04-30,2022,4,30,Saturday
20220501,2022-05-01,2022,5,1,Sunday
20220502,2022-05-02,2022,5,2,Monday
20220503,2022-05-03,2022,5,3,Tuesday
20220504,2022-05-04,2022,5,4,Wednesday
20220505,2022-05-05,2022,5,5,Thursday
20220506,2022-05-06,2022,5,6,Friday
20220507,2022-05-07,2022,5,7,Saturday
20220508,2022-05-08,2022,5,8,Sunday
20220509,2022-05-09,2022,5,9,Monday
20220510,2022-05-10,2022,5,10,Tuesday
20220511,2022-05-11,2022,5,11,Wednesday
20220512,2022-05-12,2022,5,12,Thursday
20220513,2022-05-13,2022,5,13,Friday
20220514,2022-05-14,2022,5,14,Saturday
20220515,2022-05-15,2022,5,15,Sunday
20220516,2022-05-16,2022,5,16,Monday
20220517,2022-05-17,2022,5,17,Tuesday
20220518,2022-05-18,2022,5,18,Wednesday
20220519,2022-05-19,2022,5,19,Thursday
20220520,2022-05-20,2022,5,20,Friday
20220521,2022-05-21,2022,5,21,Saturday
20220522,2022-05-22,2022,5,22,Sunday
20220523,2022-05-23,2022,5,23,Monday
20220524,2022-05-24,2022,5,24,Tuesday
20220525,2022-05-25,2022,5,25,Wednesday
20220526,2022-05-26,2022,5,26,Thursday
20220527,2022-05-27,2022,5,27,Friday
20220528,2022-05-28,2022,5,28,Saturday
20220529,2022-05-29,2022,5,29,Sunday
20220530,2022-05-30,2022,5,30,Monday
20220531,2022-05-31,2022,5,31,Tuesday
20220601,2022-06-01,2022,6,1,Wednesday
20220602,2022-06-02,2022,6,2,Thursday
20220603,2022-06-03,2022,6,3,Friday
20220604,2022-06-04,2022,6,4,Saturday
20220605,2022-06-05,2022,6,5,Sunday
20220606,2022-06-06,2022,6,6,Monday
20220607,2022-06-07,2022,6,7,Tuesday
20220608,2022-06-08,2022,6,8,Wednesday
20220609,2022-06-09,2022,6,9,Thursday
20220610,2022-06-10,2022,6,10,Friday
20220611,2022-06-11,2022,6,11,Saturday
20220612,2022-06-12,2022,6,12,Sunday
20220613,2022-06-13,2022,6,13,Monday
20220614,2022-06-14,2022,6,14,Tuesday
20220615,2022-06-15,2022,6,15,Wednesday
20220616,2022-06-16,2022,6,16,Thursday
20220617,2022-06-17,2022,6,17,Friday
20220618,2022-06-18,2022,6,18,Saturday
20220619,2022-06-19,2022,6,19,Sunday
20220620,2022-06-20,2022,6,20,Monday
20220621,2022-06-21,2022,6,21,Tuesday
20220622,2022-06-22,2022,6,22,Wednesday
20220623,2022-06-23,2022,6,23,Thursday
20220624,2022-06-24,2022,6,24,Friday
20220625,2022-06-25,2022,6,25,Saturday
20220626,2022-06-26,2022,6,26,Sunday
20220627,2022-06-27,2022,6,27,Monday
20220628,2022-06-28,2022,6,28,Tuesday
20220629,2022-06-29,2022,6,29,Wednesday
20220630,2022-06-30,2022,6,30,Thursday
20220701,2022-07-01,2022,7,1,Friday
20220702,2022-07-02,2022,7,2,Saturday
20220703,2022-07-03,2022,7,3,Sunday
20220704,2022-07-04,2022,7,4,Monday
20220705,2022-07-05,2022,7,5,Tuesday
20220706,2022-07-06,2022,7,6,Wednesday
20220707,2022-07-07,2022,7,7,Thursday
20220708,2022-07-08,2022,7,8,Friday
20220709,2022-07-09,2022,7,9,Saturday
20220710,2022-07-10,2022,7,10,Sunday
20220711,2022-07-11,2022,7,11,Monday
20220712,2022-07-12,2022,7,12,Tuesday
20220713,2022-07-13,2022,7,13,Wednesday
20220714,2022-07-14,2022,7,14,Thursday
20220715,2022-07-15,2022,7,15,Friday
20220716,2022-07-16,2022,7,16,Saturday
20220717,2022-07-17,2022,7,17,Sunday
20220718,2022-07-18,2022,7,18,Monday
20220719,2022-07-19,2022,7,19,Tuesday
20220720,2022-07-20,2022,7,20,Wednesday
20220721,2022-07-21,2022,7,21,Thursday
20220722,2022-07-22,2022,7,22,Friday
20220723,2022-07-23,2022,7,23,Saturday
20220724,2022-07-24,2022,7,24,Sunday
20220725,2022-07-25,2022,7,25,Monday
20220726,2022-07-26,2022,7,26,Tuesday
20220727,2022-07-27,2022,7,27,Wednesday
20220728,2022-07-28,2022,7,28,Thursday
20220729,2022-07-29,2022,7,29,Friday
20220730,2022-07-30,2022,7,30,Saturday
20220731,2022-07-31,2022,7,31,Sunday
20220801,2022-08-01,2022,8,1,Monday
20220802,2022-08-02,2022,8,2,Tuesday
20220803,2022-08-03,2022,8,3,Wednesday
20220804,2022-08-04,2022,8,4,Thursday
20220805,2022-08-05,2022,8,5,Friday
20220806,2022-08-06,2022,8,6,Saturday
20220807,2022-08-07,2022,8,7,Sunday
20220808,2022-08-08,2022,8,8,Monday
20220809,2022-08-09,2022,8,9,Tuesday
20220810,2022-08-10,2022,8,10,Wednesday
20220811,2022-08-11,2022,8,11,Thursday
20220812,2022-08-12,2022,8,12,Friday
20220813,2022-08-13,2022,8,13,Saturday
20220814,2022-08-14,2022,8,14,Sunday
20220815,2022-08-15,2022,8,15,Monday
20220816,2022-08-16,2022,8,16,Tuesday
20220817,2022-08-17,2022,8,17,Wednesday
20220818,2022-08-18,2022,8,18,Thursday
20220819,2022-08-19,2022,8,19,Friday
20220820,2022-08-20,2022,8,20,Saturday
20220821,2022-08-21,2022,8,21,Sunday
20220822,2022-08-22,2022,8,22,Monday
20220823,2022-08-23,2022,8,23,Tuesday
20220824,2022-08-24,2022,8,24,Wednesday
20220825,2022-08-25,2022,8,25,Thursday
20220826,2022-08-26,2022,8,26,Friday
20220827,2022-08-27,2022,8,27,Saturday
20220828,2022-08-28,2022,8,28,Sunday
20220829,2022-08-29,2022,8,29,Monday
20220830,2022-08-30,2022,8,30,Tuesday
20220831,2022-08-31,2022,8,31,Wednesday
20220901,2022-09-01,2022,9,1,Thursday
20220902,2022-09-02,2022,9,2,Friday
20220903,2022-09-03,2022,9,3,Saturday
20220904,2022-09-04,2022,9,4,Sunday
20220905,2022-09-05,2022,9,5,Monday
20220906,2022-09-06,2022,9,6,Tuesday
20220907,2022-09-07,2022,9,7,Wednesday
20220908,2022-09-08,2022,9,8,Thursday
20220909,2022-09-09,2022,9,9,Friday
20220910,2022-09-10,2022,9,10,Saturday
20220911,2022-09-11,2022,9,11,Sunday
20220912,2022-09-12,2022,9,12,Monday
20220913,2022-09-13,2022,9,13,Tuesday
20220914,2022-09-14,2022,9,14,Wednesday
20220915,2022-09-15,2022,9,15,Thursday
20220916,2022-09-16,2022,9,16,Friday
20220917,2022-09-17,2022,9,17,Saturday
20220918,2022-09-18,2022,9,18,Sunday
20220919,2022-09-19,2022,9,19,Monday
20220920,2022-09-20,2022,9,20,Tuesday
20220921,2022-09-21,2022,9,21,Wednesday
20220922,2022-09-22,2022,9,22,Thursday
20220923,2022-09-23,2022,9,23,Friday
20220924,2022-09-24,2022,9,24,Saturday
20220925,2022-09-25,2022,9,25,Sunday
20220926,2022-09-26,2022,9,26,Monday
20220927,2022-09-27,2022,9,27,Tuesday
20220928,2022-09-28,2022,9,28,Wednesday
20220929,2022-09-29,2022,9,29,Thursday
20220930,2022-09-30,2022,9,30,Friday
20221001,2022-10-01,2022,10,1,Saturday
20221002,2022-10-02,2022,10,2,Sunday
20221003,2022-10-03,2022,10,3,Monday
20221004,2022-10-04,2022,10,4,Tuesday
20221005,2022-10-05,2022,10,5,Wednesday
20221006,2022-10-06,2022,10,6,Thursday
20221007,2022-10-07,2022,10,7,Friday
20221008,2022-10-08,2022,10,8,Saturday
20221009,2022-10-09,2022,10,9,Sunday
20221010,2022-10-10,2022,10,10,Monday
20221011,2022-10-11,2022,10,11,Tuesday
20221012,2022-10-12,2022,10,12,Wednesday
20221013,2022-10-13,2022,10,13,Thursday
20221014,2022-10-14,2022,10,14,Friday
20221015,2022-10-15,2022,10,15,Saturday
20221016,2022-10-16,2022,10,16,Sunday
20221017,2022-10-17,2022,10,17,Monday
20221018,2022-10-18,2022,10,18,Tuesday
20221019,2022-10-19,2022,10,19,Wednesday
20221020,2022-10-20,2022,10,20,Thursday
20221021,2022-10-21,2022,10,21,Friday
20221022,2022-10-22,2022,10,22,Saturday
20221023,2022-10-23,2022,10,23,Sunday
20221024,2022-10-24,2022,10,24,Monday
20221025,2022-10-25,2022,10,25,Tuesday
20221026,2022-10-26,2022,10,26,Wednesday
20221027,2022-10-27,2022,10,27,Thursday
20221028,2022-10-28,2022,10,28,Friday
20221029,2022-10-29,2022,10,29,Saturday
20221030,2022-10-30,2022,10,30,Sunday
20221031,2022-10-31,2022,10,31,Monday
20221101,2022-11-01,2022,11,1,Tuesday
20221102,2022-11-02,2022,11,2,Wednesday
20221103,2022-11-03,2022,11,3,Thursday
20221104,2022-11-04,2022,11,4,Friday
20221105,2022-11-05,2022,11,5,Saturday
20221106,2022-11-06,2022,11,6,Sunday
20221107,2022-11-07,2022,11,7,Monday
20221108,2022-11-08,2022,11,8,Tuesday
20221109,2022-11-09,2022,11,9,Wednesday
20221110,2022-11-10,2022,11,10,Thursday
20221111,2022-11-11,2022,11,11,Friday
20221112,2022-11-12,2022,11,12,Saturday
20221113,2022-11-13,2022,11,13,Sunday
20221114,2022-11-14,2022,11,14,Monday
20221115,2022-11-15,2022,11,15,Tuesday
20221116,2022-11-16,2022,11,16,Wednesday
20221117,2022-11-17,2022,11,17,Thursday
20221118,2022-11-18,2022,11,18,Friday
20221119,2022-11-19,2022,11,19,Saturday
20221120,2022-11-20,2022,11,20,Sunday
20221121,2022-11-21,2022,11,21,Monday
20221122,2022-11-22,2022,11,22,Tuesday
20221123,2022-11-23,2022,11,23,Wednesday
20221124,2022-11-24,2022,11,24,Thursday
20221125,2022-11-25,2022,11,25,Friday
20221126,2022-11-26,2022,11,26,Saturday
20221127,2022-11-27,2022,11,27,Sunday
20221128,2022-11-28,2022,11,28,Monday
20221129,2022-11-29,2022,11,29,Tuesday
20221130,2022-11-30,2022,11,30,Wednesday
20221201,2022-12-01,2022,12,1,Thursday
20221202,2022-12-02,2022,12,2,Friday
20221203,2022-12-03,2022,12,3,Saturday
20221204,2022-12-04,2022,12,4,Sunday
20221205,2022-12-05,2022,12,5,Monday
20221206,2022-12-06,2022,12,6,Tuesday
20221207,2022-12-07,2022,12,7,Wednesday
20221208,2022-12-08,2022,12,8,Thursday
20221209,2022-12-09,2022,12,9,Friday
20221210,2022-12-10,2022,12,10,Saturday
20221211,2022-12-11,2022,12,11,Sunday
20221212,2022-12-12,2022,12,12,Monday
20221213,2022-12-13,2022,12,13,Tuesday
20221214,2022-12-14,2022,12,14,Wednesday
20221215,2022-12-15,2022,12,15,Thursday
20221216,2022-12-16,2022,12,16,Friday
20221217,2022-12-17,2022,12,17,Saturday
20221218,2022-12-18,2022,12,18,Sunday
20221219,2022-12-19,2022,12,19,Monday
20221220,2022-12-20,2022,12,20,Tuesday
20221221,2022-12-21,2022,12,21,Wednesday
20221222,2022-12-22,2022,12,22,Thursday
20221223,2022-12-23,2022,12,23,Friday
20221224,2022-12-24,2022,12,24,Saturday
20221225,2022-12-25,2022,12,25,Sunday
20221226,2022-12-26,2022,12,26,Monday
20221227,2022-12-27,2022,12,27,Tuesday
20221228,2022-12-28,2022,12,28,Wednesday
20221229,2022-12-29,2022,12,29,Thursday
20221230,2022-12-30,2022,12,30,Friday
20221231,2022-12-31,2022,12,31,Saturday
20230101,2023-01-01,2023,1,1,Sunday
20230102,2023-01-02,2023,1,2,Monday
20230103,2023-01-03,2023,1,3,Tuesday
20230104,2023-01-04,2023,1,4,Wednesday
20230105,2023-01-05,2023,1,5,Thursday
20230106,2023-01-06,2023,1,6,Friday
20230107,2023-01-07,2023,1,7,Saturday
20230108,2023-01-08,2023,1,8,Sunday
20230109,2023-01-09,2023,1,9,Monday
20230110,2023-01-10,2023,1,10,Tuesday
20230111,2023-01-11,2023,1,11,Wednesday
20230112,2023-01-12,2023,1,12,Thursday
20230113,2023-01-13,2023,1,13,Friday
20230114,2023-01-14,2023,1,14,Saturday
20230115,2023-01-15,2023,1,15,Sunday
20230116,2023-01-16,2023,1,16,Monday
20230117,2023-01-17,2023,1,17,Tuesday
20230118,2023-01-18,2023,1,18,Wednesday
20230119,2023-01-19,2023,1,19,Thursday
20230120,2023-01-20,2023,1,20,Friday
20230121,2023-01-21,2023,1,21,Saturday
20230122,2023-01-22,2023,1,22,Sunday
20230123,2023-01-23,2023,1,23,Monday
20230124,2023-01-24,2023,1,24,Tuesday
20230125,2023-01-25,2023,1,25,Wednesday
20230126,2023-01-26,2023,1,26,Thursday
20230127,2023-01-27,2023,1,27,Friday
20230128,2023-01-28,2023,1,28,Saturday
20230129,2023-01-29,2023,1,29,Sunday
20230130,2023-01-30,2023,1,30,Monday
20230131,2023-01-31,2023,1,31,Tuesday
20230201,2023-02-01,2023,2,1,Wednesday
20230202,2023-02-02,2023,2,2,Thursday
20230203,2023-02-03,2023,2,3,Friday
20230204,2023-02-04,2023,2,4,Saturday
20230205,2023-02-05,2023,2,5,Sunday
20230206,2023-02-06,2023,2,6,Monday
20230207,2023-02-07,2023,2,7,Tuesday
20230208,2023-02-08,2023,2,8,Wednesday
20230209,2023-02-09,2023,2,9,Thursday
20230210,2023-02-10,2023,2,10,Friday
20230211,2023-02-11,2023,2,11,Saturday
20230212,2023-02-12,2023,2,12,Sunday
20230213,2023-02-13,2023,2,13,Monday
20230214,2023-02-14,2023,2,14,Tuesday
20230215,2023-02-15,2023,2,15,Wednesday
20230216,2023-02-16,2023,2,16,Thursday
20230217,2023-02-17,2023,2,17,Friday
20230218,2023-02-18,2023,2,18,Saturday
20230219,2023-02-19,2023,2,19,Sunday
20230220,2023-02-20,2023,2,20,Monday
20230221,2023-02-21,2023,2,21,Tuesday
20230222,2023-02-22,2023,2,22,Wednesday
20230223,2023-02-23,2023,2,23,Thursday
20230224,2023-02-24,2023,2,24,Friday
20230225,2023-02-25,2023,2,25,Saturday
20230226,2023-02-26,2023,2,26,Sunday
20230227,2023-02-27,2023,2,27,Monday
20230228,2023-02-28,2023,2,28,Tuesday
20230301,2023-03-01,2023,3,1,Wednesday
20230302,2023-03-02,2023,3,2,Thursday
20230303,2023-03-03,2023,3,3,Friday
20230304,2023-03-04,2023,3,4,Saturday
20230305,2023-03-05,2023,3,5,Sunday
20230306,2023-03-06,2023,3,6,Monday
20230307,2023-03-07,2023,3,7,Tuesday
20230308,2023-03-08,2023,3,8,Wednesday
20230309,2023-03-09,2023,3,9,Thursday
20230310,2023-03-10,2023,3,10,Friday
20230311,2023-03-11,2023,3,11,Saturday
20230312,2023-03-12,2023,3,12,Sunday
20230313,2023-03-13,2023,3,13,Monday
20230314,2023-03-14,2023,3,14,Tuesday
20230315,2023-03-15,2023,3,15,Wednesday
20230316,2023-03-16,2023,3,16,Thursday
20230317,2023-03-17,2023,3,17,Friday
20230318,2023-03-18,2023,3,18,Saturday
20230319,2023-03-19,2023,3,19,Sunday
20230320,2023-03-20,2023,3,20,Monday
20230321,2023-03-21,2023,3,21,Tuesday
20230322,2023-03-22,2023,3,22,Wednesday
20230323,2023-03-23,2023,3,23,Thursday
20230324,2023-03-24,2023,3,24,Friday
20230325,2023-03-25,2023,3,25,Saturday
20230326,2023-03-26,2023,3,26,Sunday
20230327,2023-03-27,2023,3,27,Monday
20230328,2023-03-28,2023,3,28,Tuesday
20230329,2023-03-29,2023,3,29,Wednesday
20230330,2023-03-30,2023,3,30,Thursday
20230331,2023-03-31,2023,3,31,Friday
20230401,2023-04-01,2023,4,1,Saturday
20230402,2023-04-02,2023,4,2,Sunday
20230403,2023-04-03,2023,4,3,Monday
20230404,2023-04-04,2023,4,4,Tuesday
20230405,2023-04-05,2023,4,5,Wednesday
20230406,2023-04-06,2023,4,6,Thursday
20230407,2023-04-07,2023,4,7,Friday
20230408,2023-04-08,2023,4,8,Saturday
20230409,2023-04-09,2023,4,9,Sunday
20230410,2023-04-10,2023,4,10,Monday
20230411,2023-04-11,2023,4,11,Tuesday
20230412,2023-04-12,2023,4,12,Wednesday
20230413,2023-04-13,2023,4,13,Thursday
20230414,2023-04-14,2023,4,14,Friday
20230415,2023-04-15,2023,4,15,Saturday
20230416,2023-04-16,2023,4,16,Sunday
20230417,2023-04-17,2023,4,17,Monday
20230418,2023-04-18,2023,4,18,Tuesday
20230419,2023-04-19,2023,4,19,Wednesday
20230420,2023-04-20,2023,4,20,Thursday
20230421,2023-04-21,2023,4,21,Friday
20230422,2023-04-22,2023,4,22,Saturday
20230423,2023-04-23,2023,4,23,Sunday
20230424,2023-04-24,2023,4,24,Monday
20230425,2023-04-25,2023,4,25,Tuesday
20230426,2023-04-26,2023,4,26,Wednesday
20230427,2023-04-27,2023,4,27,Thursday
20230428,2023-04-28,2023,4,28,Friday
20230429,2023-04-29,2023,4,29,Saturday
20230430,2023-04-30,2023,4,30,Sunday
20230501,2023-05-01,2023,5,1,Monday
20230502,2023-05-02,2023,5,2,Tuesday
20230503,2023-05-03,2023,5,3,Wednesday
20230504,2023-05-04,2023,5,4,Thursday
20230505,2023-05-05,2023,5,5,Friday
20230506,2023-05-06,2023,5,6,Saturday
20230507,2023-05-07,2023,5,7,Sunday
20230508,2023-05-08,2023,5,8,Monday
20230509,2023-05-09,2023,5,9,Tuesday
20230510,2023-05-10,2023,5,10,Wednesday
20230511,2023-05-11,2023,5,11,Thursday
20230512,2023-05-12,2023,5,12,Friday
20230513,2023-05-13,2023,5,13,Saturday
20230514,2023-05-14,2023,5,14,Sunday
20230515,2023-05-15,2023,5,15,Monday
20230516,2023-05-16,2023,5,16,Tuesday
20230517,2023-05-17,2023,5,17,Wednesday
20230518,2023-05-18,2023,5,18,Thursday
20230519,2023-05-19,2023,5,19,Friday
20230520,2023-05-20,2023,5,20,Saturday
20230521,2023-05-21,2023,5,21,Sunday
20230522,2023-05-22,2023,5,22,Monday
20230523,2023-05-23,2023,5,23,Tuesday
20230524,2023-05-24,2023,5,24,Wednesday
20230525,2023-05-25,2023,5,25,Thursday
20230526,2023-05-26,2023,5,26,Friday
20230527,2023-05-27,2023,5,27,Saturday
20230528,2023-05-28,2023,5,28,Sunday
20230529,2023-05-29,2023,5,29,Monday
20230530,2023-05-30,2023,5,30,Tuesday
20230531,2023-05-31,2023,5,31,Wednesday
20230601,2023-06-01,2023,6,1,Thursday
20230602,2023-06-02,2023,6,2,Friday
20230603,2023-06-03,2023,6,3,Saturday
20230604,2023-06-04,2023,6,4,Sunday
20230605,2023-06-05,2023,6,5,Monday
20230606,2023-06-06,2023,6,6,Tuesday
20230607,2023-06-07,2023,6,7,Wednesday
20230608,2023-06-08,2023,6,8,Thursday
20230609,2023-06-09,2023,6,9,Friday
20230610,2023-06-10,2023,6,10,Saturday
20230611,2023-06-11,2023,6,11,Sunday
20230612,2023-06-12,2023,6,12,Monday
20230613,2023-06-13,2023,6,13,Tuesday
20230614,2023-06-14,2023,6,14,Wednesday
20230615,2023-06-15,2023,6,15,Thursday
20230616,2023-06-16,2023,6,16,Friday
20230617,2023-06-17,2023,6,17,Saturday
20230618,2023-06-18,2023,6,18,Sunday
20230619,2023-06-19,2023,6,19,Monday
20230620,2023-06-20,2023,6,20,Tuesday
20230621,2023-06-21,2023,6,21,Wednesday
20230622,2023-06-22,2023,6,22,Thursday
20230623,2023-06-23,2023,6,23,Friday
20230624,2023-06-24,2023,6,24,Saturday
20230625,2023-06-25,2023,6,25,Sunday
20230626,2023-06-26,2023,6,26,Monday
20230627,2023-06-27,2023,6,27,Tuesday
20230628,2023-06-28,2023,6,28,Wednesday
20230629,2023-06-29,2023,6,29,Thursday
20230630,2023-06-30,2023,6,30,Friday
20230701,2023-07-01,2023,7,1,Saturday
20230702,2023-07-02,2023,7,2,Sunday
20230703,2023-07-03,2023,7,3,Monday
20230704,2023-07-04,2023,7,4,Tuesday
20230705,2023-07-05,2023,7,5,Wednesday
20230706,2023-07-06,2023,7,6,Thursday
20230707,2023-07-07,2023,7,7,Friday
20230708,2023-07-08,2023,7,8,Saturday
20230709,2023-07-09,2023,7,9,Sunday
20230710,2023-07-10,2023,7,10,Monday
20230711,2023-07-11,2023,7,11,Tuesday
20230712,2023-07-12,2023,7,12,Wednesday
20230713,2023-07-13,2023,7,13,Thursday
20230714,2023-07-14,2023,7,14,Friday
20230715,2023-07-15,2023,7,15,Saturday
20230716,2023-07-16,2023,7,16,Sunday
20230717,2023-07-17,2023,7,17,Monday
20230718,2023-07-18,2023,7,18,Tuesday
20230719,2023-07-19,2023,7,19,Wednesday
20230720,2023-07-20,2023,7,20,Thursday
20230721,2023-07-21,2023,7,21,Friday
20230722,2023-07-22,2023,7,22,Saturday
20230723,2023-07-23,2023,7,23,Sunday
20230724,2023-07-24,2023,7,24,Monday
20230725,2023-07-25,2023,7,25,Tuesday
20230726,2023-07-26,2023,7,26,Wednesday
20230727,2023-07-27,2023,7,27,Thursday
20230728,2023-07-28,2023,7,28,Friday
20230729,2023-07-29,2023,7,29,Saturday
20230730,2023-07-30,2023,7,30,Sunday
20230731,2023-07-31,2023,7,31,Monday
20230801,2023-08-01,2023,8,1,Tuesday
20230802,2023-08-02,2023,8,2,Wednesday
20230803,2023-08-03,2023,8,3,Thursday
20230804,2023-08-04,2023,8,4,Friday
20230805,2023-08-05,2023,8,5,Saturday
20230806,2023-08-06,2023,8,6,Sunday
20230807,2023-08-07,2023,8,7,Monday
20230808,2023-08-08,2023,8,8,Tuesday
20230809,2023-08-09,2023,8,9,Wednesday
20230810,2023-08-10,2023,8,10,Thursday
20230811,2023-08-11,2023,8,11,Friday
20230812,2023-08-12,2023,8,12,Saturday
20230813,2023-08-13,2023,8,13,Sunday
20230814,2023-08-14,2023,8,14,Monday
20230815,2023-08-15,2023,8,15,Tuesday
20230816,2023-08-16,2023,8,16,Wednesday
20230817,2023-08-17,2023,8,17,Thursday
20230818,2023-08-18,2023,8,18,Friday
20230819,2023-08-19,2023,8,19,Saturday
20230820,2023-08-20,2023,8,20,Sunday
20230821,2023-08-21,2023,8,21,Monday
20230822,2023-08-22,2023,8,22,Tuesday
20230823,2023-08-23,2023,8,23,Wednesday
20230824,2023-08-24,2023,8,24,Thursday
20230825,2023-08-25,2023,8,25,Friday
20230826,2023-08-26,2023,8,26,Saturday
20230827,2023-08-27,2023,8,27,Sunday
20230828,2023-08-28,2023,8,28,Monday
20230829,2023-08-29,2023,8,29,Tuesday
20230830,2023-08-30,2023,8,30,Wednesday
20230831,2023-08-31,2023,8,31,Thursday
20230901,2023-09-01,2023,9,1,Friday
20230902,2023-09-02,2023,9,2,Saturday
20230903,2023-09-03,2023,9,3,Sunday
20230904,2023-09-04,2023,9,4,Monday
20230905,2023-09-05,2023,9,5,Tuesday
20230906,2023-09-06,2023,9,6,Wednesday
20230907,2023-09-07,2023,9,7,Thursday
20230908,2023-09-08,2023,9,8,Friday
20230909,2023-09-09,2023,9,9,Saturday
20230910,2023-09-10,2023,9,10,Sunday
20230911,2023-09-11,2023,9,11,Monday
20230912,2023-09-12,2023,9,12,Tuesday
20230913,2023-09-13,2023,9,13,Wednesday
20230914,2023-09-14,2023,9,14,Thursday
20230915,2023-09-15,2023,9,15,Friday
20230916,2023-09-16,2023,9,16,Saturday
20230917,2023-09-17,2023,9,17,Sunday
20230918,2023-09-18,2023,9,18,Monday
20230919,2023-09-19,2023,9,19,Tuesday
20230920,2023-09-20,2023,9,20,Wednesday
20230921,2023-09-21,2023,9,21,Thursday
20230922,2023-09-22,2023,9,22,Friday
20230923,2023-09-23,2023,9,23,Saturday
20230924,2023-09-24,2023,9,24,Sunday
20230925,2023-09-25,2023,9,25,Monday
20230926,2023-09-26,2023,9,26,Tuesday
20230927,2023-09-27,2023,9,27,Wednesday
20230928,2023-09-28,2023,9,28,Thursday
20230929,2023-09-29,2023,9,29,Friday
20230930,2023-09-30,2023,9,30,Saturday
20231001,2023-10-01,2023,10,1,Sunday
20231002,2023-10-02,2023,10,2,Monday
20231003,2023-10-03,2023,10,3,Tuesday
20231004,2023-10-04,2023,10,4,Wednesday
20231005,2023-10-05,2023,10,5,Thursday
20231006,2023-10-06,2023,10,6,Friday
20231007,2023-10-07,2023,10,7,Saturday
20231008,2023-10-08,2023,10,8,Sunday
20231009,2023-10-09,2023,10,9,Monday
20231010,2023-10-10,2023,10,10,Tuesday
20231011,2023-10-11,2023,10,11,Wednesday
20231012,2023-10-12,2023,10,12,Thursday
20231013,2023-10-13,2023,10,13,Friday
20231014,2023-10-14,2023,10,14,Saturday
20231015,2023-10-15,2023,10,15,Sunday
20231016,2023-10-16,2023,10,16,Monday
20231017,2023-10-17,2023,10,17,Tuesday
20231018,2023-10-18,2023,10,18,Wednesday
20231019,2023-10-19,2023,10,19,Thursday
20231020,2023-10-20,2023,10,20,Friday
20231021,2023-10-21,2023,10,21,Saturday
20231022,2023-10-22,2023,10,22,Sunday
20231023,2023-10-23,2023,10,23,Monday
20231024,2023-10-24,2023,10,24,Tuesday
20231025,2023-10-25,2023,10,25,Wednesday
20231026,2023-10-26,2023,10,26,Thursday
20231027,2023-10-27,2023,10,27,Friday
20231028,2023-10-28,2023,10,28,Saturday
20231029,2023-10-29,2023,10,29,Sunday
20231030,2023-10-30,2023,10,30,Monday
20231031,2023-10-31,2023,10,31,Tuesday
20231101,2023-11-01,2023,11,1,Wednesday
20231102,2023-11-02,2023,11,2,Thursday
20231103,2023-11-03,2023,11,3,Friday
20231104,2023-11-04,2023,11,4,Saturday
20231105,2023-11-05,2023,11,5,Sunday
20231106,2023-11-06,2023,11,6,Monday
20231107,2023-11-07,2023,11,7,Tuesday
20231108,2023-11-08,2023,11,8,Wednesday
20231109,2023-11-09,2023,11,9,Thursday
20231110,2023-11-10,2023,11,10,Friday
20231111,2023-11-11,2023,11,11,Saturday
20231112,2023-11-12,2023,11,12,Sunday
20231113,2023-11-13,2023,11,13,Monday
20231114,2023-11-14,2023,11,14,Tuesday
20231115,2023-11-15,2023,11,15,Wednesday
20231116,2023-11-16,2023,11,16,Thursday
20231117,2023-11-17,2023,11,17,Friday
20231118,2023-11-18,2023,11,18,Saturday
20231119,2023-11-19,2023,11,19,Sunday
20231120,2023-11-20,2023,11,20,Monday
20231121,2023-11-21,2023,11,21,Tuesday
20231122,2023-11-22,2023,11,22,Wednesday
20231123,2023-11-23,2023,11,23,Thursday
20231124,2023-11-24,2023,11,24,Friday
20231125,2023-11-25,2023,11,25,Saturday
20231126,2023-11-26,2023,11,26,Sunday
20231127,2023-11-27,2023,11,27,Monday
20231128,2023-11-28,2023,11,28,Tuesday
20231129,2023-11-29,2023,11,29,Wednesday
20231130,2023-11-30,2023,11,30,Thursday
20231201,2023-12-01,2023,12,1,Friday
20231202,2023-12-02,2023,12,2,Saturday
20231203,2023-12-03,2023,12,3,Sunday
20231204,2023-12-04,2023,12,4,Monday
20231205,2023-12-05,2023,12,5,Tuesday
20231206,2023-12-06,2023,12,6,Wednesday
20231207,2023-12-07,2023,12,7,Thursday
20231208,2023-12-08,2023,12,8,Friday
20231209,2023-12-09,2023,12,9,Saturday
20231210,2023-12-10,2023,12,10,Sunday
20231211,2023-12-11,2023,12,11,Monday
20231212,2023-12-12,2023,12,12,Tuesday
20231213,2023-12-13,2023,12,13,Wednesday
20231214,2023-12-14,2023,12,14,Thursday
20231215,2023-12-15,2023,12,15,Friday
20231216,2023-12-16,2023,12,16,Saturday
20231217,2023-12-17,2023,12,17,Sunday
20231218,2023-12-18,2023,12,18,Monday
20231219,2023-12-19,2023,12,19,Tuesday
20231220,2023-12-20,2023,12,20,Wednesday
20231221,2023-12-21,2023,12,21,Thursday
20231222,2023-12-22,2023,12,22,Friday
20231223,2023-12-23,2023,12,23,Saturday
20231224,2023-12-24,2023,12,24,Sunday
20231225,2023-12-25,2023,12,25,Monday
20231226,2023-12-26,2023,12,26,Tuesday
20231227,2023-12-27,2023,12,27,Wednesday
20231228,2023-12-28,2023,12,28,Thursday
20231229,2023-12-29,2023,12,29,Friday
20231230,2023-12-30,2023,12,30,Saturday
20231231,2023-12-31,2023,12,31,Sunday
20240101,2024-01-01,2024,1,1,Monday
20240102,2024-01-02,2024,1,2,Tuesday
20240103,2024-01-03,2024,1,3,Wednesday
20240104,2024-01-04,2024,1,4,Thursday
20240105,2024-01-05,2024,1,5,Friday
20240106,2024-01-06,2024,1,6,Saturday
20240107,2024-01-07,2024,1,7,Sunday
20240108,2024-01-08,2024,1,8,Monday
20240109,2024-01-09,2024,1,9,Tuesday
20240110,2024-01-10,2024,1,10,Wednesday
20240111,2024-01-11,2024,1,11,Thursday
20240112,2024-01-12,2024,1,12,Friday
20240113,2024-01-13,2024,1,13,Saturday
20240114,2024-01-14,2024,1,14,Sunday
20240115,2024-01-15,2024,1,15,Monday
20240116,2024-01-16,2024,1,16,Tuesday
20240117,2024-01-17,2024,1,17,Wednesday
20240118,2024-01-18,2024,1,18,Thursday
20240119,2024-01-19,2024,1,19,Friday
20240120,2024-01-20,2024,1,20,Saturday
20240121,2024-01-21,2024,1,21,Sunday
20240122,2024-01-22,2024,1,22,Monday
20240123,2024-01-23,2024,1,23,Tuesday
20240124,2024-01-24,2024,1,24,Wednesday
20240125,2024-01-25,2024,1,25,Thursday
20240126,2024-01-26,2024,1,26,Friday
20240127,2024-01-27,2024,1,27,Saturday
20240128,2024-01-28,2024,1,28,Sunday
20240129,2024-01-29,2024,1,29,Monday
20240130,2024-01-30,2024,1,30,Tuesday
20240131,2024-01-31,2024,1,31,Wednesday
20240201,2024-02-01,2024,2,1,Thursday
20240202,2024-02-02,2024,2,2,Friday
20240203,2024-02-03,2024,2,3,Saturday
20240204,2024-02-04,2024,2,4,Sunday
20240205,2024-02-05,2024,2,5,Monday
20240206,2024-02-06,2024,2,6,Tuesday
20240207,2024-02-07,2024,2,7,Wednesday
20240208,2024-02-08,2024,2,8,Thursday
20240209,2024-02-09,2024,2,9,Friday
20240210,2024-02-10,2024,2,10,Saturday
20240211,2024-02-11,2024,2,11,Sunday
20240212,2024-02-12,2024,2,12,Monday
20240213,2024-02-13,2024,2,13,Tuesday
20240214,2024-02-14,2024,2,14,Wednesday
20240215,2024-02-15,2024,2,15,Thursday
20240216,2024-02-16,2024,2,16,Friday
20240217,2024-02-17,2024,2,17,Saturday
20240218,2024-02-18,2024,2,18,Sunday
20240219,2024-02-19,2024,2,19,Monday
20240220,2024-02-20,2024,2,20,Tuesday
20240221,2024-02-21,2024,2,21,Wednesday
20240222,2024-02-22,2024,2,22,Thursday
20240223,2024-02-23,2024,2,23,Friday
20240224,2024-02-24,2024,2,24,Saturday
20240225,2024-02-25,2024,2,25,Sunday
20240226,2024-02-26,2024,2,26,Monday
20240227,2024-02-27,2024,2,27,Tuesday
20240228,2024-02-28,2024,2,28,Wednesday
20240229,2024-02-29,2024,2,29,Thursday
20240301,2024-03-01,2024,3,1,Friday
20240302,2024-03-02,2024,3,2,Saturday
20240303,2024-03-03,2024,3,3,Sunday
20240304,2024-03-04,2024,3,4,Monday
20240305,2024-03-05,2024,3,5,Tuesday
20240306,2024-03-06,2024,3,6,Wednesday
20240307,2024-03-07,2024,3,7,Thursday
20240308,2024-03-08,2024,3,8,Friday
20240309,2024-03-09,2024,3,9,Saturday
20240310,2024-03-10,2024,3,10,Sunday
20240311,2024-03-11,2024,3,11,Monday
20240312,2024-03-12,2024,3,12,Tuesday
20240313,2024-03-13,2024,3,13,Wednesday
20240314,2024-03-14,2024,3,14,Thursday
20240315,2024-03-15,2024,3,15,Friday
20240316,2024-03-16,2024,3,16,Saturday
20240317,2024-03-17,2024,3,17,Sunday
20240318,2024-03-18,2024,3,18,Monday
20240319,2024-03-19,2024,3,19,Tuesday
20240320,2024-03-20,2024,3,20,Wednesday
20240321,2024-03-21,2024,3,21,Thursday
20240322,2024-03-22,2024,3,22,Friday
20240323,2024-03-23,2024,3,23,Saturday
20240324,2024-03-24,2024,3,24,Sunday
20240325,2024-03-25,2024,3,25,Monday
20240326,2024-03-26,2024,3,26,Tuesday
20240327,2024-03-27,2024,3,27,Wednesday
20240328,2024-03-28,2024,3,28,Thursday
20240329,2024-03-29,2024,3,29,Friday
20240330,2024-03-30,2024,3,30,Saturday
20240331,2024-03-31,2024,3,31,Sunday
20240401,2024-04-01,2024,4,1,Monday
20240402,2024-04-02,2024,4,2,Tuesday
20240403,2024-04-03,2024,4,3,Wednesday
20240404,2024-04-04,2024,4,4,Thursday
20240405,2024-04-05,2024,4,5,Friday
20240406,2024-04-06,2024,4,6,Saturday
20240407,2024-04-07,2024,4,7,Sunday
20240408,2024-04-08,2024,4,8,Monday
20240409,2024-04-09,2024,4,9,Tuesday
20240410,2024-04-10,2024,4,10,Wednesday
20240411,2024-04-11,2024,4,11,Thursday
20240412,2024-04-12,2024,4,12,Friday
20240413,2024-04-13,2024,4,13,Saturday
20240414,2024-04-14,2024,4,14,Sunday
20240415,2024-04-15,2024,4,15,Monday
20240416,2024-04-16,2024,4,16,Tuesday
20240417,2024-04-17,2024,4,17,Wednesday
20240418,2024-04-18,2024,4,18,Thursday
20240419,2024-04-19,2024,4,19,Friday
20240420,2024-04-20,2024,4,20,Saturday
20240421,2024-04-21,2024,4,21,Sunday
20240422,2024-04-22,2024,4,22,Monday
20240423,2024-04-23,2024,4,23,Tuesday
20240424,2024-04-24,2024,4,24,Wednesday
20240425,2024-04-25,2024,4,25,Thursday
20240426,2024-04-26,2024,4,26,Friday
20240427,2024-04-27,2024,4,27,Saturday
20240428,2024-04-28,2024,4,28,Sunday
20240429,2024-04-29,2024,4,29,Monday
20240430,2024-04-30,2024,4,30,Tuesday
20240501,2024-05-01,2024,5,1,Wednesday
20240502,2024-05-02,2024,5,2,Thursday
20240503,2024-05-03,2024,5,3,Friday
20240504,2024-05-04,2024,5,4,Saturday
20240505,2024-05-05,2024,5,5,Sunday
20240506,2024-05-06,2024,5,6,Monday
20240507,2024-05-07,2024,5,7,Tuesday
20240508,2024-05-08,2024,5,8,Wednesday
20240509,2024-05-09,2024,5,9,Thursday
20240510,2024-05-10,2024,5,10,Friday
20240511,2024-05-11,2024,5,11,Saturday
20240512,2024-05-12,2024,5,12,Sunday
20240513,2024-05-13,2024,5,13,Monday
20240514,2024-05-14,2024,5,14,Tuesday
20240515,2024-05-15,2024,5,15,Wednesday
20240516,2024-05-16,2024,5,16,Thursday
20240517,2024-05-17,2024,5,17,Friday
20240518,2024-05-18,2024,5,18,Saturday
20240519,2024-05-19,2024,5,19,Sunday
20240520,2024-05-20,2024,5,20,Monday
20240521,2024-05-21,2024,5,21,Tuesday
20240522,2024-05-22,2024,5,22,Wednesday
20240523,2024-05-23,2024,5,23,Thursday
20240524,2024-05-24,2024,5,24,Friday
20240525,2024-05-25,2024,5,25,Saturday
20240526,2024-05-26,2024,5,26,Sunday
20240527,2024-05-27,2024,5,27,Monday
20240528,2024-05-28,2024,5,28,Tuesday
20240529,2024-05-29,2024,5,29,Wednesday
20240530,2024-05-30,2024,5,30,Thursday
20240531,2024-05-31,2024,5,31,Friday
20240601,2024-06-01,2024,6,1,Saturday
20240602,2024-06-02,2024,6,2,Sunday
20240603,2024-06-03,2024,6,3,Monday
20240604,2024-06-04,2024,6,4,Tuesday
20240605,2024-06-05,2024,6,5,Wednesday
20240606,2024-06-06,2024,6,6,Thursday
20240607,2024-06-07,2024,6,7,Friday
20240608,2024-06-08,2024,6,8,Saturday
20240609,2024-06-09,2024,6,9,Sunday
20240610,2024-06-10,2024,6,10,Monday
20240611,2024-06-11,2024,6,11,Tuesday
20240612,2024-06-12,2024,6,12,Wednesday
20240613,2024-06-13,2024,6,13,Thursday
20240614,2024-06-14,2024,6,14,Friday
20240615,2024-06-15,2024,6,15,Saturday
20240616,2024-06-16,2024,6,16,Sunday
20240617,2024-06-17,2024,6,17,Monday
20240618,2024-06-18,2024,6,18,Tuesday
20240619,2024-06-19,2024,6,19,Wednesday
20240620,2024-06-20,2024,6,20,Thursday
20240621,2024-06-21,2024,6,21,Friday
20240622,2024-06-22,2024,6,22,Saturday
20240623,2024-06-23,2024,6,23,Sunday
20240624,2024-06-24,2024,6,24,Monday
20240625,2024-06-25,2024,6,25,Tuesday
20240626,2024-06-26,2024,6,26,Wednesday
20240627,2024-06-27,2024,6,27,Thursday
20240628,2024-06-28,2024,6,28,Friday
20240629,2024-06-29,2024,6,29,Saturday
20240630,2024-06-30,2024,6,30,Sunday
20240701,2024-07-01,2024,7,1,Monday
20240702,2024-07-02,2024,7,2,Tuesday
20240703,2024-07-03,2024,7,3,Wednesday
20240704,2024-07-04,2024,7,4,Thursday
20240705,2024-07-05,2024,7,5,Friday
20240706,2024-07-06,2024,7,6,Saturday
20240707,2024-07-07,2024,7,7,Sunday
20240708,2024-07-08,2024,7,8,Monday
20240709,2024-07-09,2024,7,9,Tuesday
20240710,2024-07-10,2024,7,10,Wednesday
20240711,2024-07-11,2024,7,11,Thursday
20240712,2024-07-12,2024,7,12,Friday
20240713,2024-07-13,2024,7,13,Saturday
20240714,2024-07-14,2024,7,14,Sunday
20240715,2024-07-15,2024,7,15,Monday
20240716,2024-07-16,2024,7,16,Tuesday
20240717,2024-07-17,2024,7,17,Wednesday
20240718,2024-07-18,2024,7,18,Thursday
20240719,2024-07-19,2024,7,19,Friday
20240720,2024-07-20,2024,7,20,Saturday
20240721,2024-07-21,2024,7,21,Sunday
20240722,2024-07-22,2024,7,22,Monday
20240723,2024-07-23,2024,7,23,Tuesday
20240724,2024-07-24,2024,7,24,Wednesday
20240725,2024-07-25,2024,7,25,Thursday
20240726,2024-07-26,2024,7,26,Friday
20240727,2024-07-27,2024,7,27,Saturday
20240728,2024-07-28,2024,7,28,Sunday
20240729,2024-07-29,2024,7,29,Monday
20240730,2024-07-30,2024,7,30,Tuesday
20240731,2024-07-31,2024,7,31,Wednesday
20240801,2024-08-01,2024,8,1,Thursday
20240802,2024-08-02,2024,8,2,Friday
20240803,2024-08-03,2024,8,3,Saturday
20240804,2024-08-04,2024,8,4,Sunday
20240805,2024-08-05,2024,8,5,Monday
20240806,2024-08-06,2024,8,6,Tuesday
20240807,2024-08-07,2024,8,7,Wednesday
20240808,2024-08-08,2024,8,8,Thursday
20240809,2024-08-09,2024,8,9,Friday
20240810,2024-08-10,2024,8,10,Saturday
20240811,2024-08-11,2024,8,11,Sunday
20240812,2024-08-12,2024,8,12,Monday
20240813,2024-08-13,2024,8,13,Tuesday
20240814,2024-08-14,2024,8,14,Wednesday
20240815,2024-08-15,2024,8,15,Thursday
20240816,2024-08-16,2024,8,16,Friday
20240817,2024-08-17,2024,8,17,Saturday
20240818,2024-08-18,2024,8,18,Sunday
20240819,2024-08-19,2024,8,19,Monday
20240820,2024-08-20,2024,8,20,Tuesday
20240821,2024-08-21,2024,8,21,Wednesday
20240822,2024-08-22,2024,8,22,Thursday
20240823,2024-08-23,2024,8,23,Friday
20240824,2024-08-24,2024,8,24,Saturday
20240825,2024-08-25,2024,8,25,Sunday
20240826,2024-08-26,2024,8,26,Monday
20240827,2024-08-27,2024,8,27,Tuesday
20240828,2024-08-28,2024,8,28,Wednesday
20240829,2024-08-29,2024,8,29,Thursday
20240830,2024-08-30,2024,8,30,Friday
20240831,2024-08-31,2024,8,31,Saturday
20240901,2024-09-01,2024,9,1,Sunday
20240902,2024-09-02,2024,9,2,Monday
20240903,2024-09-03,2024,9,3,Tuesday
20240904,2024-09-04,2024,9,4,Wednesday
20240905,2024-09-05,2024,9,5,Thursday
20240906,2024-09-06,2024,9,6,Friday
20240907,2024-09-07,2024,9,7,Saturday
20240908,2024-09-08,2024,9,8,Sunday
20240909,2024-09-09,2024,9,9,Monday
20240910,2024-09-10,2024,9,10,Tuesday
20240911,2024-09-11,2024,9,11,Wednesday
20240912,2024-09-12,2024,9,12,Thursday
20240913,2024-09-13,2024,9,13,Friday
20240914,2024-09-14,2024,9,14,Saturday
20240915,2024-09-15,2024,9,15,Sunday
20240916,2024-09-16,2024,9,16,Monday
20240917,2024-09-17,2024,9,17,Tuesday
20240918,2024-09-18,2024,9,18,Wednesday
20240919,2024-09-19,2024,9,19,Thursday
20240920,2024-09-20,2024,9,20,Friday
20240921,2024-09-21,2024,9,21,Saturday
20240922,2024-09-22,2024,9,22,Sunday
20240923,2024-09-23,2024,9,23,Monday
20240924,2024-09-24,2024,9,24,Tuesday
20240925,2024-09-25,2024,9,25,Wednesday
20240926,2024-09-26,2024,9,26,Thursday
20240927,2024-09-27,2024,9,27,Friday
20240928,2024-09-28,2024,9,28,Saturday
20240929,2024-09-29,2024,9,29,Sunday
20240930,2024-09-30,2024,9,30,Monday
20241001,2024-10-01,2024,10,1,Tuesday
20241002,2024-10-02,2024,10,2,Wednesday
20241003,2024-10-03,2024,10,3,Thursday
20241004,2024-10-04,2024,10,4,Friday
20241005,2024-10-05,2024,10,5,Saturday
20241006,2024-10-06,2024,10,6,Sunday
20241007,2024-10-07,2024,10,7,Monday
20241008,2024-10-08,2024,10,8,Tuesday
20241009,2024-10-09,2024,10,9,Wednesday
20241010,2024-10-10,2024,10,10,Thursday
20241011,2024-10-11,2024,10,11,Friday
20241012,2024-10-12,2024,10,12,Saturday
20241013,2024-10-13,2024,10,13,Sunday
20241014,2024-10-14,2024,10,14,Monday
20241015,2024-10-15,2024,10,15,Tuesday
20241016,2024-10-16,2024,10,16,Wednesday
20241017,2024-10-17,2024,10,17,Thursday
20241018,2024-10-18,2024,10,18,Friday
20241019,2024-10-19,2024,10,19,Saturday
20241020,2024-10-20,2024,10,20,Sunday
20241021,2024-10-21,2024,10,21,Monday
20241022,2024-10-22,2024,10,22,Tuesday
20241023,2024-10-23,2024,10,23,Wednesday
20241024,2024-10-24,2024,10,24,Thursday
20241025,2024-10-25,2024,10,25,Friday
20241026,2024-10-26,2024,10,26,Saturday
20241027,2024-10-27,2024,10,27,Sunday
20241028,2024-10-28,2024,10,28,Monday
20241029,2024-10-29,2024,10,29,Tuesday
20241030,2024-10-30,2024,10,30,Wednesday
20241031,2024-10-31,2024,10,31,Thursday
20241101,2024-11-01,2024,11,1,Friday
20241102,2024-11-02,2024,11,2,Saturday
20241103,2024-11-03,2024,11,3,Sunday
20241104,2024-11-04,2024,11,4,Monday
20241105,2024-11-05,2024,11,5,Tuesday
20241106,2024-11-06,2024,11,6,Wednesday
20241107,2024-11-07,2024,11,7,Thursday
20241108,2024-11-08,2024,11,8,Friday
20241109,2024-11-09,2024,11,9,Saturday
20241110,2024-11-10,2024,11,10,Sunday
20241111,2024-11-11,2024,11,11,Monday
20241112,2024-11-12,2024,11,12,Tuesday
20241113,2024-11-13,2024,11,13,Wednesday
20241114,2024-11-14,2024,11,14,Thursday
20241115,2024-11-15,2024,11,15,Friday
20241116,2024-11-16,2024,11,16,Saturday
20241117,2024-11-17,2024,11,17,Sunday
20241118,2024-11-18,2024,11,18,Monday
20241119,2024-11-19,2024,11,19,Tuesday
20241120,2024-11-20,2024,11,20,Wednesday
20241121,2024-11-21,2024,11,21,Thursday
20241122,2024-11-22,2024,11,22,Friday
20241123,2024-11-23,2024,11,23,Saturday
20241124,2024-11-24,2024,11,24,Sunday
20241125,2024-11-25,2024,11,25,Monday
20241126,2024-11-26,2024,11,26,Tuesday
20241127,2024-11-27,2024,11,27,Wednesday
20241128,2024-11-28,2024,11,28,Thursday
20241129,2024-11-29,2024,11,29,Friday
20241130,2024-11-30,2024,11,30,Saturday
20241201,2024-12-01,2024,12,1,Sunday
20241202,2024-12-02,2024,12,2,Monday
20241203,2024-12-03,2024,12,3,Tuesday
20241204,2024-12-04,2024,12,4,Wednesday
20241205,2024-12-05,2024,12,5,Thursday
20241206,2024-12-06,2024,12,6,Friday
20241207,2024-12-07,2024,12,7,Saturday
20241208,2024-12-08,2024,12,8,Sunday
20241209,2024-12-09,2024,12,9,Monday
20241210,2024-12-10,2024,12,10,Tuesday
20241211,2024-12-11,2024,12,11,Wednesday
20241212,2024-12-12,2024,12,12,Thursday
20241213,2024-12-13,2024,12,13,Friday
20241214,2024-12-14,2024,12,14,Saturday
20241215,2024-12-15,2024,12,15,Sunday
20241216,2024-12-16,2024,12,16,Monday
20241217,2024-12-17,2024,12,17,Tuesday
20241218,2024-12-18,2024,12,18,Wednesday
20241219,2024-12-19,2024,12,19,Thursday
20241220,2024-12-20,2024,12,20,Friday
20241221,2024-12-21,2024,12,21,Saturday
20241222,2024-12-22,2024,12,22,Sunday
20241223,2024-12-23,2024,12,23,Monday
20241224,2024-12-24,2024,12,24,Tuesday
20241225,2024-12-25,2024,12,25,Wednesday
20241226,2024-12-26,2024,12,26,Thursday
20241227,2024-12-27,2024,12,27,Friday
20241228,2024-12-28,2024,12,28,Saturday
20241229,2024-12-29,2024,12,29,Sunday
20241230,2024-12-30,2024,12,30,Monday
20241231,2024-12-31,2024,12,31,Tuesday
20250101,2025-01-01,2025,1,1,Wednesday
20250102,2025-01-02,2025,1,2,Thursday
20250103,2025-01-03,2025,1,3,Friday
20250104,2025-01-04,2025,1,4,Saturday
20250105,2025-01-05,2025,1,5,Sunday
20250106,2025-01-06,2025,1,6,Monday
20250107,2025-01-07,2025,1,7,Tuesday
20250108,2025-01-08,2025,1,8,Wednesday
20250109,2025-01-09,2025,1,9,Thursday
20250110,2025-01-10,2025,1,10,Friday
20250111,2025-01-11,2025,1,11,Saturday
20250112,2025-01-12,2025,1,12,Sunday
20250113,2025-01-13,2025,1,13,Monday
20250114,2025-01-14,2025,1,14,Tuesday
20250115,2025-01-15,2025,1,15,Wednesday
20250116,2025-01-16,2025,1,16,Thursday
20250117,2025-01-17,2025,1,17,Friday
20250118,2025-01-18,2025,1,18,Saturday
20250119,2025-01-19,2025,1,19,Sunday
20250120,2025-01-20,2025,1,20,Monday
20250121,2025-01-21,2025,1,21,Tuesday
20250122,2025-01-22,2025,1,22,Wednesday
20250123,2025-01-23,2025,1,23,Thursday
20250124,2025-01-24,2025,1,24,Friday
20250125,2025-01-25,2025,1,25,Saturday
20250126,2025-01-26,2025,1,26,Sunday
20250127,2025-01-27,2025,1,27,Monday
20250128,2025-01-28,2025,1,28,Tuesday
20250129,2025-01-29,2025,1,29,Wednesday
20250130,2025-01-30,2025,1,30,Thursday
20250131,2025-01-31,2025,1,31,Friday
20250201,2025-02-01,2025,2,1,Saturday
20250202,2025-02-02,2025,2,2,Sunday
20250203,2025-02-03,2025,2,3,Monday
20250204,2025-02-04,2025,2,4,Tuesday
20250205,2025-02-05,2025,2,5,Wednesday
20250206,2025-02-06,2025,2,6,Thursday
20250207,2025-02-07,2025,2,7,Friday
20250208,2025-02-08,2025,2,8,Saturday
20250209,2025-02-09,2025,2,9,Sunday
20250210,2025-02-10,2025,2,10,Monday
20250211,2025-02-11,2025,2,11,Tuesday
20250212,2025-02-12,2025,2,12,Wednesday
20250213,2025-02-13,2025,2,13,Thursday
20250214,2025-02-14,2025,2,14,Friday
20250215,2025-02-15,2025,2,15,Saturday
20250216,2025-02-16,2025,2,16,Sunday
20250217,2025-02-17,2025,2,17,Monday
20250218,2025-02-18,2025,2,18,Tuesday
20250219,2025-02-19,2025,2,19,Wednesday
20250220,2025-02-20,2025,2,20,Thursday
20250221,2025-02-21,2025,2,21,Friday
20250222,2025-02-22,2025,2,22,Saturday
20250223,2025-02-23,2025,2,23,Sunday
20250224,2025-02-24,2025,2,24,Monday
20250225,2025-02-25,2025,2,25,Tuesday
20250226,2025-02-26,2025,2,26,Wednesday
20250227,2025-02-27,2025,2,27,Thursday
20250228,2025-02-28,2025,2,28,Friday
20250301,2025-03-01,2025,3,1,Saturday
20250302,2025-03-02,2025,3,2,Sunday
20250303,2025-03-03,2025,3,3,Monday
20250304,2025-03-04,2025,3,4,Tuesday
20250305,2025-03-05,2025,3,5,Wednesday
20250306,2025-03-06,2025,3,6,Thursday
20250307,2025-03-07,2025,3,7,Friday
20250308,2025-03-08,2025,3,8,Saturday
20250309,2025-03-09,2025,3,9,Sunday
20250310,2025-03-10,2025,3,10,Monday
20250311,2025-03-11,2025,3,11,Tuesday
20250312,2025-03-12,2025,3,12,Wednesday
20250313,2025-03-13,2025,3,13,Thursday
20250314,2025-03-14,2025,3,14,Friday
20250315,2025-03-15,2025,3,15,Saturday
20250316,2025-03-16,2025,3,16,Sunday
20250317,2025-03-17,2025,3,17,Monday
20250318,2025-03-18,2025,3,18,Tuesday
20250319,2025-03-19,2025,3,19,Wednesday
20250320,2025-03-20,2025,3,20,Thursday
20250321,2025-03-21,2025,3,21,Friday
20250322,2025-03-22,2025,3,22,Saturday
20250323,2025-03-23,2025,3,23,Sunday
20250324,2025-03-24,2025,3,24,Monday
20250325,2025-03-25,2025,3,25,Tuesday
20250326,2025-03-26,2025,3,26,Wednesday
20250327,2025-03-27,2025,3,27,Thursday
20250328,2025-03-28,2025,3,28,Friday
20250329,2025-03-29,2025,3,29,Saturday
20250330,2025-03-30,2025,3,30,Sunday
20250331,2025-03-31,2025,3,31,Monday
20250401,2025-04-01,2025,4,1,Tuesday
20250402,2025-04-02,2025,4,2,Wednesday
20250403,2025-04-03,2025,4,3,Thursday
20250404,2025-04-04,2025,4,4,Friday
20250405,2025-04-05,2025,4,5,Saturday
20250406,2025-04-06,2025,4,6,Sunday
20250407,2025-04-07,2025,4,7,Monday
20250408,2025-04-08,2025,4,8,Tuesday
20250409,2025-04-09,2025,4,9,Wednesday
20250410,2025-04-10,2025,4,10,Thursday
20250411,2025-04-11,2025,4,11,Friday
20250412,2025-04-12,2025,4,12,Saturday
20250413,2025-04-13,2025,4,13,Sunday
20250414,2025-04-14,2025,4,14,Monday
20250415,2025-04-15,2025,4,15,Tuesday
20250416,2025-04-16,2025,4,16,Wednesday
20250417,2025-04-17,2025,4,17,Thursday
20250418,2025-04-18,2025,4,18,Friday
20250419,2025-04-19,2025,4,19,Saturday
20250420,2025-04-20,2025,4,20,Sunday
20250421,2025-04-21,2025,4,21,Monday
20250422,2025-04-22,2025,4,22,Tuesday
20250423,2025-04-23,2025,4,23,Wednesday
20250424,2025-04-24,2025,4,24,Thursday
20250425,2025-04-25,2025,4,25,Friday
20250426,2025-04-26,2025,4,26,Saturday
20250427,2025-04-27,2025,4,27,Sunday
20250428,2025-04-28,2025,4,28,Monday
20250429,2025-04-29,2025,4,29,Tuesday
20250430,2025-04-30,2025,4,30,Wednesday
20250501,2025-05-01,2025,5,1,Thursday
20250502,2025-05-02,2025,5,2,Friday
20250503,2025-05-03,2025,5,3,Saturday
20250504,2025-05-04,2025,5,4,Sunday
20250505,2025-05-05,2025,5,5,Monday
20250506,2025-05-06,2025,5,6,Tuesday
20250507,2025-05-07,2025,5,7,Wednesday
20250508,2025-05-08,2025,5,8,Thursday
20250509,2025-05-09,2025,5,9,Friday
20250510,2025-05-10,2025,5,10,Saturday
20250511,2025-05-11,2025,5,11,Sunday
20250512,2025-05-12,2025,5,12,Monday
20250513,2025-05-13,2025,5,13,Tuesday
20250514,2025-05-14,2025,5,14,Wednesday
20250515,2025-05-15,2025,5,15,Thursday
20250516,2025-05-16,2025,5,16,Friday
20250517,2025-05-17,2025,5,17,Saturday
20250518,2025-05-18,2025,5,18,Sunday
20250519,2025-05-19,2025,5,19,Monday
20250520,2025-05-20,2025,5,20,Tuesday
20250521,2025-05-21,2025,5,21,Wednesday
20250522,2025-05-22,2025,5,22,Thursday
20250523,2025-05-23,2025,5,23,Friday
20250524,2025-05-24,2025,5,24,Saturday
20250525,2025-05-25,2025,5,25,Sunday
20250526,2025-05-26,2025,5,26,Monday
20250527,2025-05-27,2025,5,27,Tuesday
20250528,2025-05-28,2025,5,28,Wednesday
20250529,2025-05-29,2025,5,29,Thursday
20250530,2025-05-30,2025,5,30,Friday
20250531,2025-05-31,2025,5,31,Saturday
20250601,2025-06-01,2025,6,1,Sunday
20250602,2025-06-02,2025,6,2,Monday
20250603,2025-06-03,2025,6,3,Tuesday
20250604,2025-06-04,2025,6,4,Wednesday
20250605,2025-06-05,2025,6,5,Thursday
20250606,2025-06-06,2025,6,6,Friday
20250607,2025-06-07,2025,6,7,Saturday
20250608,2025-06-08,2025,6,8,Sunday
20250609,2025-06-09,2025,6,9,Monday
20250610,2025-06-10,2025,6,10,Tuesday
20250611,2025-06-11,2025,6,11,Wednesday
20250612,2025-06-12,2025,6,12,Thursday
20250613,2025-06-13,2025,6,13,Friday
20250614,2025-06-14,2025,6,14,Saturday
20250615,2025-06-15,2025,6,15,Sunday
20250616,2025-06-16,2025,6,16,Monday
20250617,2025-06-17,2025,6,17,Tuesday
20250618,2025-06-18,2025,6,18,Wednesday
20250619,2025-06-19,2025,6,19,Thursday
20250620,2025-06-20,2025,6,20,Friday
20250621,2025-06-21,2025,6,21,Saturday
20250622,2025-06-22,2025,6,22,Sunday
20250623,2025-06-23,2025,6,23,Monday
20250624,2025-06-24,2025,6,24,Tuesday
20250625,2025-06-25,2025,6,25,Wednesday
20250626,2025-06-26,2025,6,26,Thursday
20250627,2025-06-27,2025,6,27,Friday
20250628,2025-06-28,2025,6,28,Saturday
20250629,2025-06-29,2025,6,29,Sunday
20250630,2025-06-30,2025,6,30,Monday
20250701,2025-07-01,2025,7,1,Tuesday
20250702,2025-07-02,2025,7,2,Wednesday
20250703,2025-07-03,2025,7,3,Thursday
20250704,2025-07-04,2025,7,4,Friday
20250705,2025-07-05,2025,7,5,Saturday
20250706,2025-07-06,2025,7,6,Sunday
20250707,2025-07-07,2025,7,7,Monday
20250708,2025-07-08,2025,7,8,Tuesday
20250709,2025-07-09,2025,7,9,Wednesday
20250710,2025-07-10,2025,7,10,Thursday
20250711,2025-07-11,2025,7,11,Friday
20250712,2025-07-12,2025,7,12,Saturday
20250713,2025-07-13,2025,7,13,Sunday
20250714,2025-07-14,2025,7,14,Monday
20250715,2025-07-15,2025,7,15,Tuesday
20250716,2025-07-16,2025,7,16,Wednesday
20250717,2025-07-17,2025,7,17,Thursday
20250718,2025-07-18,2025,7,18,Friday
20250719,2025-07-19,2025,7,19,Saturday
20250720,2025-07-20,2025,7,20,Sunday
20250721,2025-07-21,2025,7,21,Monday
20250722,2025-07-22,2025,7,22,Tuesday
20250723,2025-07-23,2025,7,23,Wednesday
20250724,2025-07-24,2025,7,24,Thursday
20250725,2025-07-25,2025,7,25,Friday
20250726,2025-07-26,2025,7,26,Saturday
20250727,2025-07-27,2025,7,27,Sunday
20250728,2025-07-28,2025,7,28,Monday
20250729,2025-07-29,2025,7,29,Tuesday
20250730,2025-07-30,2025,7,30,Wednesday
20250731,2025-07-31,2025,7,31,Thursday
20250801,2025-08-01,2025,8,1,Friday
20250802,2025-08-02,2025,8,2,Saturday
20250803,2025-08-03,2025,8,3,Sunday
20250804,2025-08-04,2025,8,4,Monday
20250805,2025-08-05,2025,8,5,Tuesday
20250806,2025-08-06,2025,8,6,Wednesday
20250807,2025-08-07,2025,8,7,Thursday
20250808,2025-08-08,2025,8,8,Friday
20250809,2025-08-09,2025,8,9,Saturday
20250810,2025-08-10,2025,8,10,Sunday
20250811,2025-08-11,2025,8,11,Monday
20250812,2025-08-12,2025,8,12,Tuesday
20250813,2025-08-13,2025,8,13,Wednesday
20250814,2025-08-14,2025,8,14,Thursday
20250815,2025-08-15,2025,8,15,Friday
20250816,2025-08-16,2025,8,16,Saturday
20250817,2025-08-17,2025,8,17,Sunday
20250818,2025-08-18,2025,8,18,Monday
20250819,2025-08-19,2025,8,19,Tuesday
20250820,2025-08-20,2025,8,20,Wednesday
20250821,2025-08-21,2025,8,21,Thursday
20250822,2025-08-22,2025,8,22,Friday
20250823,2025-08-23,2025,8,23,Saturday
20250824,2025-08-24,2025,8,24,Sunday
20250825,2025-08-25,2025,8,25,Monday
20250826,2025-08-26,2025,8,26,Tuesday
20250827,2025-08-27,2025,8,27,Wednesday
20250828,2025-08-28,2025,8,28,Thursday
20250829,2025-08-29,2025,8,29,Friday
20250830,2025-08-30,2025,8,30,Saturday
20250831,2025-08-31,2025,8,31,Sunday
20250901,2025-09-01,2025,9,1,Monday
20250902,2025-09-02,2025,9,2,Tuesday
20250903,2025-09-03,2025,9,3,Wednesday
20250904,2025-09-04,2025,9,4,Thursday
20250905,2025-09-05,2025,9,5,Friday
20250906,2025-09-06,2025,9,6,Saturday
20250907,2025-09-07,2025,9,7,Sunday
20250908,2025-09-08,2025,9,8,Monday
20250909,2025-09-09,2025,9,9,Tuesday
20250910,2025-09-10,2025,9,10,Wednesday
20250911,2025-09-11,2025,9,11,Thursday
20250912,2025-09-12,2025,9,12,Friday
20250913,2025-09-13,2025,9,13,Saturday
20250914,2025-09-14,2025,9,14,Sunday
20250915,2025-09-15,2025,9,15,Monday
20250916,2025-09-16,2025,9,16,Tuesday
20250917,2025-09-17,2025,9,17,Wednesday
20250918,2025-09-18,2025,9,18,Thursday
20250919,2025-09-19,2025,9,19,Friday
20250920,2025-09-20,2025,9,20,Saturday
20250921,2025-09-21,2025,9,21,Sunday
20250922,2025-09-22,2025,9,22,Monday
20250923,2025-09-23,2025,9,23,Tuesday
20250924,2025-09-24,2025,9,24,Wednesday
20250925,2025-09-25,2025,9,25,Thursday
20250926,2025-09-26,2025,9,26,Friday
20250927,2025-09-27,2025,9,27,Saturday
20250928,2025-09-28,2025,9,28,Sunday
20250929,2025-09-29,2025,9,29,Monday
20250930,2025-09-30,2025,9,30,Tuesday
20251001,2025-10-01,2025,10,1,Wednesday
20251002,2025-10-02,2025,10,2,Thursday
20251003,2025-10-03,2025,10,3,Friday
20251004,2025-10-04,2025,10,4,Saturday
20251005,2025-10-05,2025,10,5,Sunday
20251006,2025-10-06,2025,10,6,Monday
20251007,2025-10-07,2025,10,7,Tuesday
20251008,2025-10-08,2025,10,8,Wednesday
20251009,2025-10-09,2025,10,9,Thursday
20251010,2025-10-10,2025,10,10,Friday
20251011,2025-10-11,2025,10,11,Saturday
20251012,2025-10-12,2025,10,12,Sunday
20251013,2025-10-13,2025,10,13,Monday
20251014,2025-10-14,2025,10,14,Tuesday
20251015,2025-10-15,2025,10,15,Wednesday
20251016,2025-10-16,2025,10,16,Thursday
20251017,2025-10-17,2025,10,17,Friday
20251018,2025-10-18,2025,10,18,Saturday
20251019,2025-10-19,2025,10,19,Sunday
20251020,2025-10-20,2025,10,20,Monday
20251021,2025-10-21,2025,10,21,Tuesday
20251022,2025-10-22,2025,10,22,Wednesday
20251023,2025-10-23,2025,10,23,Thursday
20251024,2025-10-24,2025,10,24,Friday
20251025,2025-10-25,2025,10,25,Saturday
20251026,2025-10-26,2025,10,26,Sunday
20251027,2025-10-27,2025,10,27,Monday
20251028,2025-10-28,2025,10,28,Tuesday
20251029,2025-10-29,2025,10,29,Wednesday
20251030,2025-10-30,2025,10,30,Thursday
20251031,2025-10-31,2025,10,31,Friday
20251101,2025-11-01,2025,11,1,Saturday
20251102,2025-11-02,2025,11,2,Sunday
20251103,2025-11-03,2025,11,3,Monday
20251104,2025-11-04,2025,11,4,Tuesday
20251105,2025-11-05,2025,11,5,Wednesday
20251106,2025-11-06,2025,11,6,Thursday
20251107,2025-11-07,2025,11,7,Friday
20251108,2025-11-08,2025,11,8,Saturday
20251109,2025-11-09,2025,11,9,Sunday
20251110,2025-11-10,2025,11,10,Monday
20251111,2025-11-11,2025,11,11,Tuesday
20251112,2025-11-12,2025,11,12,Wednesday
20251113,2025-11-13,2025,11,13,Thursday
20251114,2025-11-14,2025,11,14,Friday
20251115,2025-11-15,2025,11,15,Saturday
20251116,2025-11-16,2025,11,16,Sunday
20251117,2025-11-17,2025,11,17,Monday
20251118,2025-11-18,2025,11,18,Tuesday
20251119,2025-11-19,2025,11,19,Wednesday
20251120,2025-11-20,2025,11,20,Thursday
20251121,2025-11-21,2025,11,21,Friday
20251122,2025-11-22,2025,11,22,Saturday
20251123,2025-11-23,2025,11,23,Sunday
20251124,2025-11-24,2025,11,24,Monday
20251125,2025-11-25,2025,11,25,Tuesday
20251126,2025-11-26,2025,11,26,Wednesday
20251127,2025-11-27,2025,11,27,Thursday
20251128,2025-11-28,2025,11,28,Friday
20251129,2025-11-29,2025,11,29,Saturday
20251130,2025-11-30,2025,11,30,Sunday
20251201,2025-12-01,2025,12,1,Monday
20251202,2025-12-02,2025,12,2,Tuesday
20251203,2025-12-03,2025,12,3,Wednesday
20251204,2025-12-04,2025,12,4,Thursday
20251205,2025-12-05,2025,12,5,Friday
20251206,2025-12-06,2025,12,6,Saturday
20251207,2025-12-07,2025,12,7,Sunday
20251208,2025-12-08,2025,12,8,Monday
20251209,2025-12-09,2025,12,9,Tuesday
20251210,2025-12-10,2025,12,10,Wednesday
20251211,2025-12-11,2025,12,11,Thursday
20251212,2025-12-12,2025,12,12,Friday
20251213,2025-12-13,2025,12,13,Saturday
20251214,2025-12-14,2025,12,14,Sunday
20251215,2025-12-15,2025,12,15,Monday
20251216,2025-12-16,2025,12,16,Tuesday
20251217,2025-12-17,2025,12,17,Wednesday
20251218,2025-12-18,2025,12,18,Thursday
20251219,2025-12-19,2025,12,19,Friday
20251220,2025-12-20,2025,12,20,Saturday
20251221,2025-12-21,2025,12,21,Sunday
20251222,2025-12-22,2025,12,22,Monday
20251223,2025-12-23,2025,12,23,Tuesday
20251224,2025-12-24,2025,12,24,Wednesday
20251225,2025-12-25,2025,12,25,Thursday
20251226,2025-12-26,2025,12,26,Friday
20251227,2025-12-27,2025,12,27,Saturday
20251228,2025-12-28,2025,12,28,Sunday
20251229,2025-12-29,2025,12,29,Monday
20251230,2025-12-30,2025,12,30,Tuesday
20251231,2025-12-31,2025,12,31,Wednesday
